Affymetrix Probeset ID	Ensembl ID	MGI Symbol	logFC	AveExpr	t	P.Value	adj.P.Val	B
17440538	ENSMUSG00000033316	Galnt9	0,661285249	8,7314322769	12,3102813717	5,64466665725881E-17	1,85128132358117E-12	27,5553024983
17335467	NA	NA	0,997863617	7,9531594	10,502889545	2,0500861773939E-14	3,36183381799938E-10	22,1462136097
17395009	ENSMUSG00000067578	Cbln4	0,7322482812	7,1832501538	10,2149226849	5,44590465532866E-14	4,60575740678523E-10	21,2404723912
17451356	ENSMUSG00000042216	Sgsm1	0,7432724194	8,4319779385	10,2058373154	5,61729110197303E-14	4,60575740678523E-10	21,2117077276
17288677	ENSMUSG00000021587	Pcsk1	0,4740239829	8,6585404615	9,7219651417	2,96661489167812E-13	1,94592137204735E-09	19,663525883
17549264	NA	NA	-0,4019088832	10,1345750308	-9,5992233779	4,54392140964408E-13	2,17671712554236E-09	19,2658675171
17225506	ENSMUSG00000055866	Per2	0,578636176	7,7622745538	9,592849701	4,64585781589674E-13	2,17671712554236E-09	19,2451650624
17387485	ENSMUSG00000034075	Zdhhc5	0,286168655	9,7401712769	9,1451624087	2,23119067047663E-12	9,14704505245277E-09	17,778345951
17513297	ENSMUSG00000031758	Cdyl2	0,5295219422	7,9436913231	9,0857254732	2,7522297422147E-12	0,00000001	17,5817861967
17515617	ENSMUSG00000034275	Igsf9b	0,510670641	9,2021783077	8,9074012173	5,17661374634808E-12	1,58691386060396E-08	16,9896324144
17507374	ENSMUSG00000038894	Irs2	0,6911367914	8,4026536	8,8995782443	5,32245402525949E-12	1,58691386060396E-08	16,9635732702
17289137	ENSMUSG00000007617	Homer1	0,5640541076	9,7241077231	8,7414552793	9,34383644365291E-12	2,30943004550879E-08	16,435422641
17413191	ENSMUSG00000036052	Dnajb5	0,6284083388	8,8268944308	8,7389040386	9,42924172261155E-12	2,30943004550879E-08	16,4268792626
17280054	ENSMUSG00000020601	Trib2	0,5893142888	7,6212607077	8,7264314974	9,85822503190018E-12	2,30943004550879E-08	16,3851024361
17360348	ENSMUSG00000034765	Dusp5	0,8820216552	6,7882112923	8,5270405223	2,01131437121024E-11	0,000000044	15,7150759161
17358905	ENSMUSG00000041180	Hectd2	0,3544056781	8,4336622308	8,4887675176	2,30721719252589E-11	4,72936264145447E-08	15,5860119095
17213608	ENSMUSG00000025964	Adam23	-0,292505175	10,3483598615	-8,3793168735	3,41848079703373E-11	6,37177851199366E-08	15,2161534668
17332804	ENSMUSG00000023805	Synj2	0,3424542198	8,6141226615	8,3730005667	3,49702757007915E-11	6,37177851199366E-08	15,1947751715
17301718	ENSMUSG00000033730	Egr3	0,8122763562	8,7755221538	8,2591351071	5,26959558658045E-11	0,000000091	14,8087676052
17544939	ENSMUSG00000031431	Tsc22d3	0,5323214777	6,7504016615	8,2416493259	5,61255385965407E-11	0,000000092	14,7493890138
17289372	ENSMUSG00000041773	Enc1	0,2667044453	11,5115409231	8,1800609482	7,00946141312887E-11	1,09471098079232E-07	14,5400379512
17423321	ENSMUSG00000049225	Pdp1	0,347881624	10,5945827692	8,0886892407	9,75202368402642E-11	1,45380509438643E-07	14,2288684067
17328625	ENSMUSG00000022769	Sdf2l1	0,6179862947	7,1754425846	8,0749669004	1,02483288738963E-10	1,46136713946598E-07	14,1820785684
17330410	ENSMUSG00000022799	Arhgap31	0,4326995113	8,0024818	7,9626915485	1,53899061577173E-10	2,10309480106106E-07	13,7987028163
17295136	ENSMUSG00000021676	Iqgap2	0,4981589217	8,9062014	7,9327608371	1,71540354376177E-10	2,20857253669576E-07	13,696342956
17218060	ENSMUSG00000032487	Ptgs2	0,7040727867	8,2371600923	7,9271201891	1,75085788194316E-10	2,20857253669576E-07	13,6770453165
17370103	ENSMUSG00000026864	Hspa5	0,45501388	9,5181182154	7,8970381103	1,95275018841464E-10	2,31912835323334E-07	13,5740912014
17503446	ENSMUSG00000031700	Gpt2	0,3593477322	8,6126799385	7,8932296552	1,97992480685836E-10	2,31912835323334E-07	13,5610524608
17514871	ENSMUSG00000001774	Chordc1	0,3621227929	9,6828984	7,8613120619	2,22312424445034E-10	2,51420020155992E-07	13,4517390472
17297759	NA	NA	0,5974624314	8,4754764615	7,7735111448	3,0584195726266E-10	3,34356622411449E-07	13,1506810641
17313998	ENSMUSG00000023272	Creld2	0,3776837378	8,1944808769	7,7033208374	3,94790909880481E-10	4,16429378874531E-07	12,9096551747
17436237	ENSMUSG00000029135	Fosl2	0,6543165525	7,5731495231	7,6954176449	4,06309727230691E-10	4,16429378874531E-07	12,8824977885
17472955	ENSMUSG00000030306	Tmtc1	-0,2799866548	9,8332794154	-7,6774576863	4,33756058426386E-10	4,27904840018054E-07	12,8207691419
17374077	ENSMUSG00000048482	Bdnf	0,4788440546	6,2074136769	7,665262717	4,53445566111793E-10	4,27904840018054E-07	12,7788441781
17430609	ENSMUSG00000023232	Serinc2	0,8412006659	6,1633205538	7,6484585267	4,82054887021447E-10	4,27904840018054E-07	12,721059295
17297801	NA	NA	0,5756279323	10,1371270462	7,6460146345	4,86363873047493E-10	4,27904840018054E-07	12,7126541073
17297833	NA	NA	0,5756279323	10,1371270462	7,6460146345	4,86363873047493E-10	4,27904840018054E-07	12,7126541073
17443519	ENSMUSG00000037428	Vgf	0,4729869672	9,1483239385	7,6407440675	4,95788758748851E-10	4,27904840018054E-07	12,6945261013
17283155	ENSMUSG00000051166	Eml5	0,3089644703	9,8150359538	7,6181222702	5,38367575051787E-10	4,5273952202496E-07	12,6167013897
17245481	ENSMUSG00000025795	Rassf3	-0,5164824446	7,9354588769	-7,5913259986	5,93576133294183E-10	4,86687911091233E-07	12,5244793829
17461414	ENSMUSG00000030103	Bhlhe40	0,502369564	9,9793448615	7,5606602836	6,6376156176711E-10	0,000000531	12,418893717
17214735	ENSMUSG00000054976	Nyap2	-0,3325906972	8,3608859385	-7,5193847023	7,71553235895507E-10	6,02491225658689E-07	12,2767014262
17481863	ENSMUSG00000038244	Mical2	0,4608261741	11,1041830769	7,5039164381	8,16328309301014E-10	6,22630687445241E-07	12,2233924581
17231252	ENSMUSG00000016179	Camk1g	0,5749645409	8,5187253692	7,454374202	0,000000001	0,000000729	12,052577142
17263511	ENSMUSG00000049892	Rasd1	0,7728253551	5,6091834308	7,4421056589	0,000000001	7,45453945257966E-07	12,0102595493
17261825	ENSMUSG00000042032	Mat2b	-0,3107678818	9,2792674923	-7,402043028	1,18387297037363E-09	8,28329107360843E-07	11,8720270972
17487211	ENSMUSG00000003545	Fosb	0,7978403475	5,8418158615	7,4013103913	1,18704357245966E-09	8,28329107360843E-07	11,869498571
17427661	ENSMUSG00000035126	Wdr78	0,3743205607	7,4846509231	7,3771207822	1,29664757028712E-09	0,000000886	11,7860014343
17288812	ENSMUSG00000071252	2210408I21Rik	-0,2964160069	8,6544638769	-7,3469084138	1,44789627497073E-09	9,69115390412554E-07	11,6816825363
17295907	ENSMUSG00000021710	Nln	-0,3219819709	8,6171822308	-7,3359525378	1,5070086245046E-09	9,88507237157549E-07	11,6438448861
17444498	ENSMUSG00000059991	Nptx2	0,5799807263	7,8505640615	7,3102942126	1,65508612852938E-09	1,06435019132114E-06	11,555213025
17480102	ENSMUSG00000030616	Sytl2	-0,4292080827	9,4225000308	-7,2944114531	1,7539652650727E-09	1,1062461307421E-06	11,5003372886
17316690	ENSMUSG00000037465	Klf10	0,7547137821	8,2185925538	7,2848597659	1,81625773627322E-09	1,1239208486142E-06	11,4673315458
17285438	ENSMUSG00000041324	Inhba	0,8426129008	7,0029487077	7,2340600767	2,18675984164056E-09	1,32813263937566E-06	11,2917436845
17526937	ENSMUSG00000037112	Sik2	0,3409698379	8,6250484923	7,2204935001	2,29792861567125E-09	1,36643344624311E-06	11,2448376035
17364588	ENSMUSG00000050121	Opalin	-0,5119922812	7,5544087538	-7,2163322438	2,3331485498556E-09	1,36643344624311E-06	11,2304490828
17345293	ENSMUSG00000023951	Vegfa	0,3664003425	9,2615742462	7,1995990119	2,48031773030051E-09	1,427140010538E-06	11,1725849945
17390079	ENSMUSG00000050211	Pla2g4e	-0,5904598356	7,1742252769	-7,1793897223	2,6705067503442E-09	1,51007948087998E-06	11,1026902372
17292117	ENSMUSG00000051335	Gfod1	0,3876585503	8,6962179077	7,1570082954	2,89822651550668E-09	1,61107008523852E-06	11,0252704987
17223080	ENSMUSG00000042807	Hecw2	-0,3441597543	9,0218005385	-7,1289016033	3,21193509683534E-09	1,74940891507113E-06	10,9280289678
17274249	ENSMUSG00000020571	Pdia6	0,3541336623	9,9469202923	7,1253626813	3,25377149798271E-09	1,74940891507113E-06	10,9157839493
17244435	ENSMUSG00000097164	Cep83os	-0,3447419329	8,7150497846	-7,0822480622	3,80947025585042E-09	1,98663355524984E-06	10,7665814305
17218044	ENSMUSG00000035131	Brinp3	-0,3409714078	9,8238834	-7,0817698333	3,81613909750099E-09	1,98663355524984E-06	10,7649262577
17257100	ENSMUSG00000055805	Fmnl1	0,5100144775	8,8908713846	7,0545396904	4,2157777195137E-09	2,16038846667017E-06	10,670674405
17262551	ENSMUSG00000020387	Jade2	0,3870816452	8,1845747385	7,0364089696	4,50483584431606E-09	0,000002273	10,607911211
17236882	ENSMUSG00000019960	Dusp6	0,6977328151	9,3158038308	7,0067624839	0,000000005	0,000002495	10,505272721
17278188	ENSMUSG00000021203	Otub2	0,4810535677	6,7016194462	6,9995226217	5,15557933464519E-09	2,52369455878147E-06	10,4802058298
17412705	NA	Gm12371	-0,5160933522	8,2031990308	-6,9380706822	6,45517077817702E-09	3,113385823704E-06	10,2674131141
17516469	ENSMUSG00000032010	Usp2	-0,2779994789	9,6737640462	-6,9035751944	7,32340114080167E-09	0,000003481	10,1479486595
17332766	ENSMUSG00000034265	Zdhhc14	0,3277185587	9,6718248308	6,888909133	7,72704690797433E-09	3,62034224915477E-06	10,0971550176
17416540	ENSMUSG00000028613	Lrp8	0,3244395249	8,7895073231	6,8527440632	8,82002216288678E-09	4,07422911093236E-06	9,9718991497
17449989	ENSMUSG00000029333	Rasgef1b	-0,4025242959	9,5762130769	-6,8389790874	9,27550747624996E-09	4,22512248192458E-06	9,9242240589
17466687	ENSMUSG00000029822	Osbpl3	0,3373635018	8,5871593846	6,8346767399	9,42263983924669E-09	4,2333468329832E-06	9,9093228142
17243738	ENSMUSG00000020048	Hsp90b1	0,257525404	11,4689487692	6,8117130479	1,02483243867931E-08	4,54208506640073E-06	9,8297877968
17467316	ENSMUSG00000036390	Gadd45a	0,498927399	7,2795863385	6,7887293674	1,11471292423507E-08	4,87456530348502E-06	9,7501843955
17530348	ENSMUSG00000032560	Dnajc13	-0,2010095878	9,3931910308	-6,7576887601	1,24872902436351E-08	5,38875865948027E-06	9,642679146
17343263	ENSMUSG00000024042	Sik1	0,7530568874	7,2617129231	6,7131671973	1,46952684705381E-08	6,25923013023686E-06	9,4884951553
17352265	ENSMUSG00000024647	Cbln2	0,3620378399	8,379883	6,7095969716	1,48883726508343E-08	6,26017894653095E-06	9,476131742
17500535	ENSMUSG00000031530	Dusp4	0,6684539109	6,4224638615	6,7018312744	1,53171956865602E-08	0,000006359	9,4492401891
17235211	ENSMUSG00000035621	Midn	0,4958188051	7,7133305077	6,6962927084	1,56305519849053E-08	6,40794016811175E-06	9,4300612844
17550440	ENSMUSG00000097545	Mir124a-1hg	0,3428084806	9,2344744769	6,6848014375	1,63012662179814E-08	6,54692814173005E-06	9,3902705173
17226387	ENSMUSG00000036815	Dpp10	-0,1892335182	10,5815447692	-6,6836703729	1,63688175022674E-08	6,54692814173005E-06	9,3863540711
17341455	ENSMUSG00000002617	Zfp40	-0,3769712042	7,9063545077	-6,6287731223	0,00000002	7,8851448520201E-06	9,1962871764
17406221	ENSMUSG00000033910	Gucy1a3	-0,2905530304	9,8832234	-6,6262018712	2,0195510795795E-08	7,8851448520201E-06	9,1873860679
17293059	ENSMUSG00000014164	Klhl3	0,3160367411	8,6138929846	6,5978436764	2,24008840629003E-08	8,64331523071694E-06	9,0892241565
17226829	ENSMUSG00000059149	Mfsd4	-0,3753960131	9,0220636154	-6,5785783752	0,000000024	9,16587600525845E-06	9,0225463
17392123	ENSMUSG00000039913	Pak7	-0,3493366459	9,3470925692	-6,5631435776	2,54290179875486E-08	9,48518873055847E-06	8,9691317009
17428441	ENSMUSG00000047155	Cyp4x1	-0,3634815213	7,9092986154	-6,5629135732	2,54503951059288E-08	9,48518873055847E-06	8,9683357744
17429632	ENSMUSG00000028655	Mfsd2a	0,5020179877	8,6657944615	6,4920874087	0,000000033	1,21474157225845E-05	8,723306244
17349514	ENSMUSG00000038418	Egr1	0,8582137268	9,1126036154	6,4888328945	3,33580364921827E-08	0,000012156	8,7120502632
17274092	NA	NA	-0,8224570176	4,5773883692	-6,4799497298	3,44576585160746E-08	1,24187673225462E-05	8,6813287896
17234896	NA	NA	-0,3637546912	8,727101	-6,4769425143	3,48380456845885E-08	1,24193846121462E-05	8,6709292012
17488735	ENSMUSG00000037239	Spred3	0,440489049	8,8066147846	6,4674493309	3,60665487252222E-08	1,27190817047431E-05	8,6381016079
17302724	ENSMUSG00000022136	Dnajc3	0,3349579703	9,2476978462	6,4640784952	3,65130814693187E-08	1,27395694994601E-05	8,6264458846
17247519	ENSMUSG00000045671	Spred2	0,3524031171	9,5410610923	6,429308287	4,14534163588801E-08	0,000014311	8,5062389132
17356356	ENSMUSG00000024883	Rin1	0,4107604077	7,7301298769	6,397110842	4,66204186023778E-08	1,59271861343978E-05	8,3949645296
17302113	ENSMUSG00000022012	Enox1	0,2722138173	8,7226072154	6,3861304214	4,85255080143965E-08	1,64071246015274E-05	8,3570251505
17423756	ENSMUSG00000040183	Ankrd6	0,3832435468	8,2813381385	6,3777346995	0,00000005	1,67446539456864E-05	8,3280195909
17492619	ENSMUSG00000030528	Blm	-0,3266423117	6,6744966462	-6,3668580442	5,2058754320119E-08	1,72461713680499E-05	8,2904471338
17286818	ENSMUSG00000021366	Hivep1	0,3119744082	9,1462210615	6,3622926587	5,29326232859921E-08	1,73603124591068E-05	8,2746778597
17282743	ENSMUSG00000021253	Tgfb3	0,3883215432	7,4637300769	6,3336119869	5,87668126453279E-08	1,90829223200873E-05	8,1756324255
17402193	ENSMUSG00000039831	Arhgap29	-0,3095179428	8,3936947846	-6,330004607	5,95445961103084E-08	1,91459227316645E-05	8,1631773024
17257085	ENSMUSG00000048878	Hexim1	0,2956071335	9,0484238769	6,3184955319	6,20952777451236E-08	1,9772221594241E-05	8,1234441039
17378640	ENSMUSG00000061689	Dlgap4	0,2699313444	9,3933461231	6,3023177286	6,58657424627061E-08	2,07711418802824E-05	8,0676032538
17381630	ENSMUSG00000026773	Pfkfb3	0,4975658713	6,8849819692	6,2982831756	6,68410564923826E-08	0,000020878	8,0536791362
17404601	ENSMUSG00000027669	Gnb4	-0,3047246495	8,7880841692	-6,2618245776	7,63332718384805E-08	2,36179463819495E-05	7,9278889494
17315946	ENSMUSG00000044224	Dnajc21	0,383783502	8,8747718615	6,2538316746	7,85874258514025E-08	2,40881477163406E-05	7,9003207102
17498502	ENSMUSG00000070348	Ccnd1	0,3690365863	8,2268801077	6,2495673913	7,98170300924793E-08	2,42385105179911E-05	7,8856141866
17452861	ENSMUSG00000029392	Rilpl1	0,2536065766	9,5726454923	6,2435346324	8,1589366868817E-08	2,45494171118953E-05	7,8648102509
17319823	NA	1700001L05Rik	-0,5280434284	5,9237340154	-6,233629087	8,45848671987412E-08	2,52193626319738E-05	7,8306552794
17346715	ENSMUSG00000045036	Tmem232	-0,4521253776	5,6682531231	-6,2255553648	8,7107226791685E-08	2,57374388926747E-05	7,8028205185
17228349	ENSMUSG00000056708	Ier5	0,4429413707	7,9509713385	6,1825083376	1,01874997853572E-07	2,98320920053894E-05	7,6544750686
17466659	ENSMUSG00000029817	Tra2a	0,4312152903	8,9010486	6,1629298169	1,0939191983085E-07	3,15903735471349E-05	7,5870412901
17526707	ENSMUSG00000066687	Zbtb16	0,354730371	9,0566856923	6,16189095	1,09805853717516E-07	3,15903735471349E-05	7,5834638054
17238996	ENSMUSG00000019775	Rgs17	0,2944566999	8,9972964923	6,1278568325	1,24263843830043E-07	0,000035439	7,466300279
17462145	ENSMUSG00000048489	8430408G22Rik	0,7361308915	5,6446664923	6,0965843856	1,3921171123026E-07	3,93597111484384E-05	7,3587108781
17544078	ENSMUSG00000031239	Itm2a	-0,353136312	9,7331407077	-6,0787665105	1,48514780616196E-07	4,16311047852085E-05	7,2974404264
17222837	ENSMUSG00000018417	Myo1b	-0,2916885473	8,7537638	-6,0752804819	1,50405962814324E-07	4,18039352747576E-05	7,2854556108
17289553	ENSMUSG00000042743	Sgtb	-0,2404398842	10,9478135385	-6,0676866921	1,54608939622118E-07	0,000042611	7,2593514969
17282970	ENSMUSG00000007682	Dio2	0,6123153189	8,9347970308	6,0485281224	1,65739044786312E-07	4,52441257399613E-05	7,1935113454
17309774	ENSMUSG00000025551	Fgf14	-0,2176241734	10,4353931692	-6,0465676816	1,66921950621561E-07	4,52441257399613E-05	7,1867756375
17430962	ENSMUSG00000049649	Gpr3	0,5057465442	6,5110315385	6,028311402	1,78348610728722E-07	0,000047594	7,1240643246
17322927	ENSMUSG00000037972	Snn	-0,2264521906	9,0801192462	-6,0280868285	1,78493908131639E-07	0,000047594	7,1232930597
17530782	ENSMUSG00000032575	Manf	0,3512069641	6,8485356923	6,0105600153	1,90204244358427E-07	5,03074887276075E-05	7,0631117719
17450034	ENSMUSG00000029328	Hnrnpdl	-0,241070048	10,1697451385	-6,0022587051	0,000000196	5,14294074347941E-05	7,0346161832
17284360	NA	NA	-0,4719198344	7,8446578308	-5,9857246974	2,08116641351756E-07	5,41714403683614E-05	6,9778768781
17466532	NA	NA	0,3826717286	8,0021924308	5,955289623	2,32368444282074E-07	6,00077784812533E-05	6,8734920406
17364565	ENSMUSG00000061132	Blnk	0,3732906787	6,7894746308	5,9461874769	2,40152535016246E-07	6,15334585228735E-05	6,8422889867
17394483	ENSMUSG00000039671	Zmynd8	0,2578125575	8,8722242615	5,9393378768	2,4618061050545E-07	0,000062589	6,8188125548
17357183	ENSMUSG00000010097	Nxf1	0,2428689963	9,3367728769	5,9293649571	2,55227147139892E-07	6,38537032062158E-05	6,7846384612
17445453	ENSMUSG00000092094	Zfp804b	-0,4552718837	7,2928782	-5,9285092925	0,000000256	6,38537032062158E-05	6,7817067683
17350020	NA	NA	0,4340222777	6,6407307077	5,9253127501	0,000000259	6,38537032062158E-05	6,7707552885
17406205	ENSMUSG00000028005	Gucy1b3	-0,1797451643	10,9428026154	-5,9234541335	2,6074399830061E-07	6,38537032062158E-05	6,7643880078
17343088	ENSMUSG00000043557	Mdga1	0,4783921674	6,4254268462	5,9232998215	2,60889600562031E-07	6,38537032062158E-05	6,7638593769
17414408	ENSMUSG00000038630	Zkscan16	-0,299751241	9,5133874154	-5,8989604025	2,84895974319827E-07	6,92128390353138E-05	6,6805057026
17510166	ENSMUSG00000031833	Mast3	0,3245493488	8,9455904462	5,8902613882	0,000000294	7,08988856673721E-05	6,6507277254
17511079	ENSMUSG00000035671	Zswim4	0,3978897551	6,8854518615	5,8859849529	2,98577675621763E-07	7,14777520245764E-05	6,6360914195
17317983	ENSMUSG00000022602	Arc	1,4465798132	8,7849438308	5,8837391543	0,000000301	7,15381206459336E-05	6,6284057424
17516450	ENSMUSG00000032012	Pvrl1	0,4276785224	8,6124265538	5,8808965014	3,04119475761217E-07	7,17568809103642E-05	6,6186781531
17418540	ENSMUSG00000042608	Stk40	0,4112313602	8,1196911538	5,8778848949	3,07447389032132E-07	7,20239429863345E-05	6,6083732237
17447254	NA	NA	-0,3808071046	7,7070428462	-5,8746205219	3,11095468318318E-07	7,23616884711763E-05	6,5972043503
17506991	ENSMUSG00000025810	Nrp1	0,3258284858	8,2652164769	5,8652688475	3,21786032823361E-07	7,43212430880829E-05	6,5652136554
17328251	ENSMUSG00000022685	Parn	-0,3074380205	8,4959866308	-5,8557298046	3,33066589385556E-07	7,63887058187279E-05	6,5325905498
17505215	ENSMUSG00000041308	Sntb2	0,3084518374	7,7088901538	5,8509653223	3,38847061526912E-07	7,71747713673482E-05	6,5162994952
17244864	ENSMUSG00000020181	Nav3	-0,2302511688	10,4618528462	-5,8353810887	3,58459146112103E-07	8,10785145864734E-05	6,4630281576
17432941	ENSMUSG00000041544	Ptchd2	0,3863077276	7,6818286154	5,8209988741	3,77556458780645E-07	8,41558774140038E-05	6,4138868507
17337844	ENSMUSG00000023960	Enpp5	-0,1808599928	10,4777127692	-5,8196172009	3,79443430857816E-07	8,41558774140038E-05	6,4091670187
17413945	ENSMUSG00000028341	Nr4a3	0,5813514208	7,2948252769	5,8193842663	3,79762473923608E-07	8,41558774140038E-05	6,4083713269
17485855	ENSMUSG00000052296	Ppp6r1	0,2028565965	9,5134458923	5,7931052463	4,17519249714974E-07	9,19018713617585E-05	6,318638914
17387162	ENSMUSG00000042272	Sestd1	-0,2394511019	9,0446096615	-5,771450772	4,51413303337833E-07	9,86107665763544E-05	6,2447510413
17502499	ENSMUSG00000031622	Sin3b	0,2250950957	9,0215434308	5,7698578042	0,000000454	9,86107665763544E-05	6,2393175759
17430680	ENSMUSG00000028909	Ptpru	0,351043276	7,6897595538	5,7631231315	4,65162703597648E-07	0,000100368	6,2163492144
17324835	ENSMUSG00000022797	Tfrc	-0,2431867706	9,1037347692	-5,7542366677	4,8029314908612E-07	0,0001029554	6,1860496756
17280315	ENSMUSG00000020642	Rnf144a	-0,322376672	7,9000180154	-5,7283776292	5,27155080403433E-07	0,0001107618	6,0979288047
17295059	ENSMUSG00000021684	Pde8b	-0,2156151495	9,4894297385	-5,727801505	5,28249197782515E-07	0,0001107618	6,0959663622
17311831	ENSMUSG00000032501	Trib1	0,6341043324	6,4193159231	5,7275912179	5,28649114655422E-07	0,0001107618	6,095250074
17316068	ENSMUSG00000022197	Pdzd2	0,3045994371	7,4892544	5,7251317197	5,33348857524206E-07	0,0001107618	6,0868727978
17218568	ENSMUSG00000015829	Tnr	0,2491051371	10,3626880615	5,7250027846	5,33596373424957E-07	0,0001107618	6,0864336518
17208181	NA	NA	-0,8024065918	7,6161404154	-5,7060557607	5,71235039268974E-07	0,0001178289	6,0219213898
17513311	ENSMUSG00000014633	Cmc2	0,3576041243	7,7269081692	5,7024427492	5,78705637701181E-07	0,0001186238	6,0096241505
17483912	ENSMUSG00000006205	Htra1	0,2481761296	8,7713771846	5,6942801739	5,95941853400294E-07	0,0001213982	5,9818475285
17266586	ENSMUSG00000049612	Omg	-0,263377648	9,1022074615	-5,6874729828	6,10704503842317E-07	0,0001236375	5,9586890492
17284839	ENSMUSG00000025321	Itgb8	-0,2543768294	9,3759728923	-5,6779340958	0,000000632	0,0001271645	5,9262462398
17274415	ENSMUSG00000052632	Asap2	0,3061819851	8,5894253538	5,673493008	6,42168920161874E-07	0,000128422	5,9111452455
17461648	ENSMUSG00000030276	Ttll3	0,3572218669	6,4408172615	5,6695108943	6,51421823119706E-07	0,0001294829	5,8976068743
17311807	ENSMUSG00000022351	Sqle	-0,2643272519	9,1903539846	-5,6614477731	6,70564011720191E-07	0,0001324849	5,8701996704
17529699	ENSMUSG00000045414	1190002N15Rik	-0,2829101693	9,5434863538	-5,6569608574	6,81456494450862E-07	0,0001338307	5,854951637
17256242	ENSMUSG00000037992	Rara	0,4447581403	6,3394940615	5,6502914311	0,000000698	0,0001359362	5,8322911724
17452897	ENSMUSG00000029478	Ncor2	0,2933793137	9,0845209231	5,6492975513	7,00466978509472E-07	0,0001359362	5,8289147626
17221792	ENSMUSG00000026153	Fam135a	-0,2247881127	9,2372897846	-5,6476358735	7,04657958602681E-07	0,0001359451	5,8232699753
17329433	ENSMUSG00000022508	Bcl6	0,4134865569	7,6683644923	5,6439852726	0,000000714	0,0001366366	5,8108699104
17518780	ENSMUSG00000032373	Car12	0,6327401674	6,7907616615	5,6429639883	7,1657470599311E-07	0,0001366366	5,8074011846
17385044	ENSMUSG00000017144	Rnd3	0,4023505627	7,8960328769	5,6394122844	7,25767589376066E-07	0,0001375896	5,7953390418
17264651	ENSMUSG00000018476	Kdm6b	0,4066864049	7,6677186	5,6068219699	8,15767439169143E-07	0,0001537628	5,6847298836
17308525	ENSMUSG00000033487	Fndc3a	0,2145899749	9,6293917692	5,6009140101	8,33227891194693E-07	0,0001561564	5,6646929276
17403514	ENSMUSG00000036825	Ssx2ip	-0,2076488046	9,8581197692	-5,5972006982	8,44391185945731E-07	0,0001573494	5,6521014277
17516564	ENSMUSG00000032115	Hyou1	0,2889317232	9,4256007385	5,5694349045	9,32693081571878E-07	0,0001728222	5,5580063239
17249811	ENSMUSG00000020261	Slc36a1	0,3300567348	9,1777133231	5,5659854099	9,44283082167343E-07	0,0001739868	5,5463233782
17386347	ENSMUSG00000041997	Tlk1	-0,189320861	10,4470648	-5,5616098067	9,59190107335763E-07	0,0001757461	5,5315060863
17373616	ENSMUSG00000050587	Lrrc4c	-0,1738894844	9,8461372462	-5,5593320162	0,000000967	0,0001762005	5,5237937069
17341963	ENSMUSG00000002504	Slc9a3r2	0,3164645533	8,6648027385	5,5564439848	9,77089461049872E-07	0,0001768818	5,5140160974
17297713	ENSMUSG00000007817	Zmiz1	0,3591608103	9,2174248462	5,5547373217	9,83075348628621E-07	0,0001768818	5,5082386034
17251583	ENSMUSG00000032807	Alox12b	0,4831743546	6,9166361538	5,5536348429	0,000000987	0,0001768818	5,5045066347
17526929	ENSMUSG00000037971	1110032A03Rik	-0,2569074927	9,5350734308	-5,548177074	1,00642444134503E-06	0,0001793897	5,4860340862
17372307	ENSMUSG00000027009	Itga4	-0,333368167	7,2746514154	-5,5414104094	1,03108343737595E-06	0,0001827916	5,463136939
17330773	ENSMUSG00000022656	Pvrl3	-0,3602259856	8,1175666462	-5,5385472685	1,04169647808126E-06	0,0001836802	5,453450451
17491454	ENSMUSG00000047037	Nipa1	-0,2058279489	8,8316624154	-5,5280820168	1,08141705829096E-06	0,0001896644	5,4180541779
17240661	NA	NA	0,4978835952	5,0434576923	5,5255958483	1,09107148855644E-06	0,0001899737	5,4096474822
17233536	ENSMUSG00000019916	P4ha1	0,343940073	9,0035797692	5,5246502365	1,09476589491713E-06	0,0001899737	5,4064502252
17404570	ENSMUSG00000069072	Slc7a14	0,2366930583	9,6009467077	5,4993113703	1,19850707252304E-06	0,0002068812	5,3208215794
17506249	ENSMUSG00000031822	Gse1	0,3230961453	7,5439295231	5,4875838084	1,24975880476077E-06	0,0002145986	5,2812204799
17246967	ENSMUSG00000020484	Xbp1	0,3242038503	8,993516	5,4792768476	1,28736802313023E-06	0,0002199053	5,2531816845
17324305	ENSMUSG00000004460	Dnajb11	0,2804110492	8,9208187846	5,476768341	1,29894368714573E-06	0,0002200497	5,2447165608
17465971	ENSMUSG00000063455	D630045J12Rik	0,3059330271	9,2259422154	5,4761888363	1,30163245645027E-06	0,0002200497	5,2427611114
17412213	ENSMUSG00000040410	Fbxl4	-0,2867431515	7,2683601692	-5,466909924	1,34544202184186E-06	0,0002262895	5,2114574128
17225888	ENSMUSG00000044768	D1Ertd622e	-0,2583641445	8,915885	-5,4620327009	1,36905103320788E-06	0,0002290855	5,1950084003
17484409	ENSMUSG00000025475	Adgra1	0,2690821443	9,6019745538	5,4524121485	1,41682876190028E-06	0,0002358768	5,162572075
17320928	ENSMUSG00000022462	Slc38a2	0,2383080019	10,5149653846	5,4462140177	1,44847969658191E-06	0,0002399282	5,141681833
17525868	ENSMUSG00000032020	Ubash3b	0,3089439018	7,5990111385	5,4417667319	1,47161979609791E-06	0,0002425363	5,1266961368
17409792	ENSMUSG00000033377	Palmd	0,2990952543	8,5708270154	5,4293622102	1,53811260331387E-06	0,0002522274	5,0849129945
17361285	ENSMUSG00000049303	Syt12	0,3901793306	7,3485906154	5,4193269506	1,59407208052663E-06	0,0002601034	5,0511272315
17438323	NA	NA	-0,6440723308	7,2669718769	-5,4172634508	1,6058258560639E-06	0,0002607241	5,044181912
17226489	ENSMUSG00000051590	Map3k19	0,4061555486	6,4666971692	5,4145869837	1,62119884560296E-06	0,0002619234	5,0351744276
17527666	ENSMUSG00000051243	Islr2	0,3705216223	6,1510982769	5,411977841	1,63632517437521E-06	0,0002630714	5,0263945628
17489824	ENSMUSG00000043671	Dpy19l3	0,3303024499	9,1222009538	5,4064984089	1,66854749055973E-06	0,0002669432	5,0079594291
17216478	ENSMUSG00000026315	Serpinb8	0,4856925965	7,0066182615	5,3987816152	0,000001715	0,0002730419	4,9820046277
17278767	NA	NA	-0,3103698153	11,3856365846	-5,3955926305	1,73455803468982E-06	0,0002748227	4,9712814046
17351952	ENSMUSG00000025425	St8sia5	0,2859600728	10,1580589231	5,3812681855	1,82519704926073E-06	0,0002877932	4,9231336491
17326964	ENSMUSG00000053414	Hunk	-0,4137877631	7,3096020615	-5,3786142582	1,84249671237184E-06	0,0002886137	4,9142166877
17327544	ENSMUSG00000040605	Bace2	-0,429841864	5,6379434769	-5,3774400835	1,85020220220272E-06	0,0002886137	4,9102719152
17516795	ENSMUSG00000032087	Dscaml1	0,2258038721	8,8919707077	5,3762469901	1,85806446620098E-06	0,0002886137	4,9062638039
17468405	ENSMUSG00000071341	Egr4	0,4196430288	6,9366234308	5,3751080286	1,86560081214377E-06	0,0002886137	4,9024377532
17249461	ENSMUSG00000036264	Fstl4	0,3450071686	9,1084012	5,372882695	1,88041280623563E-06	0,0002895394	4,8949628984
17443133	ENSMUSG00000040557	Wbscr27	-0,4157348607	6,2293390462	-5,3668907768	1,92087570674097E-06	0,0002943877	4,8748400237
17341069	ENSMUSG00000048826	Dact2	-0,3140846595	7,9264012154	-5,3461340373	2,06781036660839E-06	0,0003147335	4,805175909
17394079	ENSMUSG00000035226	Rims4	0,3770800356	8,0714365231	5,3448514901	2,07724513763756E-06	0,0003147335	4,8008736605
17317086	ENSMUSG00000037343	Taf2	0,196216889	9,1240440462	5,3441503089	2,08242118847605E-06	0,0003147335	4,7985216905
17467753	ENSMUSG00000053907	Mat2a	0,2445195478	10,8845150769	5,3399576278	2,11363809611397E-06	0,0003179862	4,7844598457
17438189	ENSMUSG00000049907	Rasl11b	-0,357528479	9,2767234923	-5,331676018	2,17666403564476E-06	0,0003259728	4,7566924823
17259235	ENSMUSG00000025372	Baiap2	0,2340943436	10,0620631692	5,323293259	2,24234987032646E-06	0,0003342834	4,7285973348
17414061	ENSMUSG00000039634	Zfp189	0,3985380751	7,3115821692	5,3157985	2,30273292446917E-06	0,0003417318	4,7034880965
17394366	ENSMUSG00000053166	Cdh22	0,2649147767	8,1777208308	5,3050417966	2,39221259215808E-06	0,0003534117	4,667466756
17513806	ENSMUSG00000006362	Cbfa2t3	0,400838221	7,2442433846	5,2962349983	0,000002468	0,0003629762	4,6379894482
17425496	ENSMUSG00000055296	Tmem245	-0,2469494056	9,1564467077	-5,2929524964	2,49687979973116E-06	0,0003655811	4,6270058777
17453573	ENSMUSG00000039959	Hip1	0,2664325797	8,5533134154	5,2740767266	2,66941133372303E-06	0,0003891053	4,5638809987
17354595	ENSMUSG00000038059	Smim3	0,4684484125	6,7541189385	5,2713398325	2,69538553360686E-06	0,0003911529	4,5547332247
17444106	ENSMUSG00000029570	Lfng	0,3739625835	7,5320557692	5,2574157521	2,83144348883154E-06	0,0004090875	4,5082133811
17448595	ENSMUSG00000029211	Gabra4	-0,1826666491	10,5694620462	-5,249527927	2,91150345293353E-06	0,0004180857	4,4818753008
17518813	ENSMUSG00000091956	C2cd4b	0,4708993959	5,8498764923	5,2487777845	2,91923260000917E-06	0,0004180857	4,4793710779
17420079	ENSMUSG00000051351	Zfp46	-0,3004547412	8,5384643385	-5,2475461445	0,000002932	0,0004180857	4,47525967
17512121	ENSMUSG00000036510	Cdh8	-0,1975309759	8,9520916	-5,2443019813	2,96577200034596E-06	0,0004210754	4,4644314098
17521762	ENSMUSG00000006676	Usp19	0,265074668	8,6741306615	5,2345878052	3,06931369030905E-06	0,0004338978	4,432018778
17252539	ENSMUSG00000020785	Camkk1	0,2768860215	9,1190157538	5,2164864881	3,27185626634901E-06	0,0004605454	4,3716657982
17474371	ENSMUSG00000030413	Pglyrp1	0,5855367342	6,7981046615	5,2126513125	3,31643317376429E-06	0,000464825	4,3588861387
17480216	ENSMUSG00000061119	Prcp	-0,3573378439	8,4157124308	-5,2048483942	0,000003409	0,0004757638	4,3328932263
17448064	ENSMUSG00000039252	Lgi2	-0,2159550655	9,6304066	-5,2033004424	3,42764656605599E-06	0,0004763412	4,3277380265
17426497	ENSMUSG00000039270	Megf9	-0,1732699665	10,7109249231	-5,19495882	0,00000353	0,0004884137	4,2999650848
17547709	NA	NA	0,331221054	6,6045705538	5,1938082627	3,54430186683337E-06	0,0004884137	4,2961353629
17500626	ENSMUSG00000039530	Tusc3	-0,1669336888	10,7519686154	-5,1885175416	0,000003611	0,0004955247	4,27852788
17518331	ENSMUSG00000032397	Tipin	-0,3369905143	6,6795290462	-5,18535501	3,6514798969658E-06	0,0004975242	4,2680054385
17251527	ENSMUSG00000020893	Per1	0,3973609193	9,1490626154	5,185009847	3,65592344831312E-06	0,0004975242	4,266857116
17221014	ENSMUSG00000016494	Cd34	-0,3324821255	9,4819054308	-5,1679450664	3,88238880835265E-06	0,0005261599	4,2101116442
17437156	ENSMUSG00000039765	Cc2d2a	-0,233314259	8,4267770462	-5,1631276742	3,94878632284984E-06	0,0005329562	4,1941021403
17482508	ENSMUSG00000030889	Vwa3a	-0,3066677282	6,1455669077	-5,1536165186	4,08318136412664E-06	0,0005488365	4,1625067041
17444806	ENSMUSG00000029641	Rasl11a	0,4747735928	5,3161669846	5,14154224	4,26030532971469E-06	0,0005703071	4,1224212314
17462351	ENSMUSG00000002897	Il17ra	0,4092552977	7,6750952154	5,1380670736	4,31267327604585E-06	0,0005746129	4,1108891152
17428766	ENSMUSG00000028680	Plk3	0,4301600265	6,9153195077	5,1361836372	4,34131971043327E-06	0,0005746129	4,1046400115
17279730	ENSMUSG00000048004	Tmem196	-0,2545331581	9,3715237538	-5,1359404794	0,000004345	0,0005746129	4,1038332809
17299341	ENSMUSG00000037536	Fbxo34	-0,232062543	8,7607623077	-5,1301985453	4,43360148360748E-06	0,0005839712	4,0847864025
17442834	ENSMUSG00000044017	Adgrd1	0,5236252582	6,3076283846	5,128404208	4,46164241080677E-06	0,0005853139	4,0788356014
17403605	ENSMUSG00000039167	Adgrl4	0,2960749643	7,7945210769	5,117552778	0,000004635	0,0006056319	4,0428607185
17487001	ENSMUSG00000004328	Hif3a	0,448400945	5,7945903231	5,1134872556	4,70162354182086E-06	0,0006119014	4,0293884596
17512565	ENSMUSG00000035237	Lcat	0,3584732902	8,6310886923	5,1110120511	4,74265611968439E-06	0,0006148019	4,0211877362
17371390	ENSMUSG00000034738	Nostrin	0,4652188721	6,1586832615	5,1074556909	4,80222983235551E-06	0,0006200737	4,0094070636
17306440	ENSMUSG00000022185	Acin1	0,2110200609	8,9820967538	5,103037801	4,8772629073635E-06	0,0006272925	3,9947759462
17515641	NA	AI414108	0,313879805	8,7547494154	5,0993963458	0,00000494	0,0006328766	3,9827190798
17530805	ENSMUSG00000039716	Dock3	-0,1694279186	10,7900741538	-5,0952363871	5,01259221165148E-06	0,000638851	3,9689486242
17540027	NA	NA	-0,3110349679	10,1427287385	-5,0944992675	5,02556850517406E-06	0,000638851	3,9665089364
17337741	ENSMUSG00000023915	Tnfrsf21	0,2465016499	9,2655344	5,083907855	5,21571480949513E-06	0,0006604625	3,9314657372
17506332	ENSMUSG00000025316	Banp	0,3200057327	7,7232758	5,0767737564	5,34776833137268E-06	0,0006745798	3,9078740639
17226752	ENSMUSG00000016526	Dyrk3	0,3613018775	6,6930174923	5,0678006603	5,51854528361343E-06	0,0006925163	3,8782154237
17273798	ENSMUSG00000020639	Pfn4	-0,3537700651	8,0339394154	-5,067095523	5,53219089345737E-06	0,0006925163	3,8758854265
17400510	ENSMUSG00000068856	Sf3b4	0,6187894666	4,3140874462	5,063617551	0,0000056	0,0006983371	3,8643945631
17535951	ENSMUSG00000031198	Fundc2	-0,2860005541	8,4526297077	-5,0474816639	5,92535620854571E-06	0,0007361133	3,8111151582
17301291	ENSMUSG00000097545	Mir124a-1hg	0,3068807631	9,8885861538	5,0439328731	5,99937505981001E-06	0,0007424962	3,7994044196
17301489	ENSMUSG00000022044	Stmn4	-0,2529856428	9,6035952769	-5,0414979962	6,05068621465951E-06	0,0007460314	3,7913709976
17294547	ENSMUSG00000069171	Nr2f1	-0,2940326465	7,8430516769	-5,0372709175	6,14079311027889E-06	0,0007543056	3,777427418
17548717	ENSMUSG00000027533	Fabp5	-0,2319236609	8,3283188923	-5,0314949712	6,26605532979382E-06	0,0007668202	3,7583806172
17350032	NA	NA	0,4666603797	6,3034131231	5,0300820012	6,29707909979686E-06	0,0007677521	3,7537222417
17416364	ENSMUSG00000061887	Ssbp3	0,2379186984	8,1538443231	5,0225603494	6,46478952259338E-06	0,0007849032	3,7289312832
17229742	ENSMUSG00000045259	Klhdc9	-0,4102313925	6,5991702462	-5,0216397229	6,48561633067876E-06	0,0007849032	3,7258977519
17506917	ENSMUSG00000033998	Kcnk1	0,1706176872	10,7961515385	5,0177706698	6,57386795617114E-06	0,0007907702	3,7131508623
17353957	ENSMUSG00000024427	Spry4	0,5092316298	6,6614380615	5,0174029122	6,58231761527586E-06	0,0007907702	3,7119394186
17511183	ENSMUSG00000003814	Calr	0,227837539	11,2790252308	5,0160429801	6,61365657277216E-06	0,0007916354	3,7074598618
17358962	ENSMUSG00000040565	Btaf1	0,3097085304	8,6804894769	5,013330558	6,67660211077568E-06	0,0007962637	3,6985264121
17342414	ENSMUSG00000025733	Rhot2	0,2204899904	8,2890443692	5,0113407232	6,7231535102629E-06	0,0007989104	3,6919738025
17309001	ENSMUSG00000050505	Pcdh20	-0,354242742	7,3321567077	-5,0037614457	6,90341098908004E-06	0,0008173688	3,6670225083
17391454	NA	NA	-0,2689545103	11,7648990769	-4,9930277845	7,1668501512289E-06	0,0008455079	3,6317075092
17233993	ENSMUSG00000037868	Egr2	0,855198469	6,1307457538	4,9889435306	7,26966766690738E-06	0,0008545638	3,6182762313
17466075	ENSMUSG00000042599	Kdm7a	0,1924003599	9,3596393077	4,9848507159	7,37415597414048E-06	0,0008637507	3,6048203527
17529647	ENSMUSG00000062270	Morf4l1	-0,3125457495	8,0860048154	-4,9774872873	7,5658746786638E-06	0,0008821398	3,5806207174
17405285	ENSMUSG00000027799	Nbea	-0,1463008718	10,9030563077	-4,9767649401	7,5849441341784E-06	0,0008821398	3,578247374
17235783	ENSMUSG00000074862	BC025920	-0,302038071	6,3033104769	-4,975499814	7,61845653380691E-06	0,0008829064	3,5740909463
17508045	ENSMUSG00000031534	Smim19	-0,2297903202	8,0707251538	-4,9732652532	0,000007678	0,0008852019	3,5667503892
17517001	ENSMUSG00000032267	Usp28	-0,2534473103	8,1234106923	-4,9727334188	7,69224482198153E-06	0,0008852019	3,565003465
17259679	ENSMUSG00000039208	Metrnl	0,3796509641	5,6538278	4,9680894427	7,81769743407295E-06	0,0008949309	3,549751913
17445705	NA	Gm3510	-0,3724930854	7,7795492615	-4,9668861878	7,85052908741167E-06	0,0008949309	3,5458009908
17374455	ENSMUSG00000027351	Spred1	0,2177758167	10,4666004615	4,9665893656	7,85864891572325E-06	0,0008949309	3,5448264147
17474497	ENSMUSG00000040811	Eml2	-0,2805407378	8,8581945692	-4,9572876149	8,1173337064775E-06	0,000921191	3,5142950009
17315686	ENSMUSG00000079105	C7	-0,3895449905	5,5788576308	-4,956044459	8,15253452422542E-06	0,0009219954	3,5102159735
17472536	ENSMUSG00000030249	Abcc9	0,2653189111	7,4834751077	4,9499834091	8,32631869369957E-06	0,0009384133	3,4903333481
17454574	ENSMUSG00000036565	Ttyh3	0,26538489	10,4293704615	4,9477472364	8,39135040699976E-06	0,0009425038	3,4829998456
17342916	ENSMUSG00000036196	Slc26a8	-0,3264563446	6,6118183692	-4,9392500333	0,000008643	0,000967461	3,4551433475
17395732	ENSMUSG00000016346	Kcnq2	0,1744019266	10,1223378769	4,9350127964	8,77132049386034E-06	0,0009784796	3,4412582812
17299185	ENSMUSG00000049092	Gpr137c	-0,2452027624	9,1761716	-4,9334821236	8,81811625131428E-06	0,0009803653	3,4362433691
17261575	ENSMUSG00000040594	Ranbp17	-0,3544578068	6,8861928	-4,9308267496	8,89987922293338E-06	0,0009861126	3,4275448484
17221026	NA	NA	0,2947683102	8,7699789692	4,9288309023	8,96182448732718E-06	0,0009896329	3,421007843
17315002	ENSMUSG00000054619	Mettl7a1	0,3477005141	9,1153073077	4,9195166876	9,25655962930852E-06	0,0010187496	3,3905126504
17295295	NA	5330416C01Rik	0,4069413689	6,1884297077	4,9158347111	9,37567986880183E-06	0,0010284086	3,3784630062
17398082	ENSMUSG00000034640	Tiparp	0,413210495	7,1101183846	4,9075576852	0,000009649	0,0010531243	3,3513866658
17509388	ENSMUSG00000039375	Wdr17	-0,2087500454	8,8598598615	-4,9070731788	9,66522588829953E-06	0,0010531243	3,3498021937
17329298	ENSMUSG00000013089	Etv5	0,3522257218	8,3003323538	4,8965176316	1,00257463425131E-05	0,0010887894	3,3152957133
17435584	ENSMUSG00000045294	Insig1	-0,2851870758	9,8856618154	-4,8945012562	1,00961025780608E-05	0,0010928115	3,3087069715
17496015	ENSMUSG00000030757	Zkscan2	-0,3163081625	7,8120622615	-4,8923468405	1,0171811413982E-05	0,0010973845	3,3016681856
17376626	ENSMUSG00000027353	Mcm8	-0,346657778	6,3865819692	-4,8868903487	1,03660633454521E-05	0,0011146747	3,2838457625
17261878	ENSMUSG00000020436	Gabrg2	-0,1643568503	10,7368184769	-4,8794066574	1,0638421866044E-05	0,0011402233	3,2594129847
17273059	NA	NA	-0,3881899551	7,6532963077	-4,8778875783	1,06945587522774E-05	0,0011425063	3,2544550555
17295503	ENSMUSG00000021646	Mccc2	-0,19785494	8,2828740923	-4,8753458916	1,0789137017499E-05	0,0011488679	3,2461607511
17266685	ENSMUSG00000057181	5730455P16Rik	-0,2128585335	8,9429555385	-4,8671019804	1,11015884425232E-05	0,0011705069	3,2192685663
17280842	ENSMUSG00000001627	Ifrd1	0,2256000197	8,2841645846	4,8670241671	1,11045795633058E-05	0,0011705069	3,2190148089
17219067	ENSMUSG00000026563	Tada1	0,202725942	8,6829891846	4,8665948894	1,11210951146019E-05	0,0011705069	3,2176149137
17358482	ENSMUSG00000040105	Ppapdc2	0,1988211122	9,5436846615	4,866231151	1,11351080559559E-05	0,0011705069	3,2164287788
17353420	ENSMUSG00000036501	Fam13b	0,1599844764	9,7989633846	4,8639183424	1,12246150382713E-05	0,001176146	3,2088875266
17435963	ENSMUSG00000013622	Atraid	-0,2128609892	8,9882373385	-4,8621581635	1,12932080694017E-05	0,001178441	3,2031490352
17366359	ENSMUSG00000050530	Fam171a1	0,2290823011	9,1929019385	4,8611647529	1,13321021804734E-05	0,001178441	3,1999106595
17475975	ENSMUSG00000053898	Ech1	-0,2000898878	8,8192868615	-4,8605989843	1,13543119686205E-05	0,001178441	3,1980664376
17315178	ENSMUSG00000023034	Nr4a1	0,8829346461	8,8852976308	4,8567452914	1,15067336591026E-05	0,0011904932	3,1855066283
17360109	ENSMUSG00000034336	Ina	0,1702651937	11,5181278462	4,8533053713	1,16444857496463E-05	0,0012009566	3,1742982901
17492196	ENSMUSG00000025790	Slco3a1	0,2928536954	7,2369055231	4,8510259885	1,17366545695352E-05	0,0012066679	3,1668728667
17360260	ENSMUSG00000063434	Sorcs3	0,2555664813	9,5104938769	4,8455586228	1,19606618299864E-05	0,0012258557	3,1490670718
17350332	ENSMUSG00000054477	Kcnn2	0,2478737814	7,8199341692	4,8425894555	1,2084066950494E-05	0,0012315407	3,1394001975
17519898	ENSMUSG00000032261	Sh3bgrl2	-0,2807637809	7,6290504769	-4,8424179991	1,20912311086958E-05	0,0012315407	3,1388420408
17523309	ENSMUSG00000032528	Vipr1	0,311022218	7,0545684154	4,8388346086	1,22419177784011E-05	0,0012430284	3,1271783109
17411594	ENSMUSG00000028243	Ubxn2b	0,2407040062	9,1144986154	4,8372605619	1,23086900161488E-05	0,0012457644	3,1220558347
17367440	NA	Gm13375	-0,2713238235	6,5748699692	-4,8364120835	1,23448312717008E-05	0,0012457644	3,1192948437
17548238	ENSMUSG00000027533	Fabp5	-0,2300980322	8,3645411692	-4,8327015118	1,25041122182649E-05	0,0012579674	3,1072224549
17232593	ENSMUSG00000019846	Lama4	-0,327911327	7,0401072	-4,8122195562	1,34203018604276E-05	0,0013460111	3,0406429831
17295877	ENSMUSG00000021709	Erbb2ip	-0,2151661912	9,9016162615	-4,8094735404	0,000013548	0,0013509066	3,0317242894
17440658	ENSMUSG00000029343	Crybb1	0,3905613653	6,6652208	4,809399657	1,35514919513736E-05	0,0013509066	3,0314843507
17315152	ENSMUSG00000000532	Acvr1b	-0,1927557734	9,5886198308	-4,8075802524	1,36368031047882E-05	0,0013552916	3,0255761964
17319299	ENSMUSG00000042524	Sun2	-0,2990392761	7,0824042615	-4,7956470307	1,42095559586939E-05	0,0014079481	2,9868452112
17479205	ENSMUSG00000066406	Akap13	0,2130284309	7,6142951692	4,7934029408	1,43198706079247E-05	0,0014106751	2,9795655427
17257962	ENSMUSG00000047904	Sstr2	0,256310651	8,9519194923	4,7932274816	1,43285311335965E-05	0,0014106751	2,978996417
17315167	ENSMUSG00000000531	Grasp	0,4837080444	9,6248226154	4,7924672419	1,43661153656632E-05	0,0014106751	2,9765305627
17453043	ENSMUSG00000034310	Tmem132d	-0,2475066056	8,8224213692	-4,7865222122	1,46633760515622E-05	0,0014355664	2,9572525749
17403950	ENSMUSG00000028173	Wls	-0,235706792	8,3875294462	-4,7821287265	1,48869260991002E-05	0,0014515589	2,9430113255
17320322	ENSMUSG00000053137	Mapk11	0,4040482135	9,1230000308	4,7809656216	1,49466648846142E-05	0,0014515589	2,9392419725
17418519	NA	NA	-0,2321523657	8,8062449692	-4,7807162117	1,495950552661E-05	0,0014515589	2,9384337362
17435189	ENSMUSG00000029004	Kmt2e	-0,1592296637	10,5691981692	-4,7747373313	1,52705819033299E-05	0,0014737097	2,91906317
17488470	ENSMUSG00000030602	Samd4b	0,3248916869	8,0416124154	4,7737576123	1,53221573127804E-05	0,0014737097	2,9158898822
17540243	NA	NA	0,2166483445	7,4140789385	4,7737493932	1,53225907103624E-05	0,0014737097	2,9158632619
17231669	ENSMUSG00000055493	Epm2a	-0,2748326838	7,8132626	-4,7707919764	1,54793209514015E-05	0,0014844307	2,9062856932
17389936	NA	NA	-0,7876628176	6,1748111538	-4,7619562104	0,000015957	0,0015257779	2,8776839942
17511878	ENSMUSG00000031775	Pllp	-0,268209797	8,7643702462	-4,7583567478	1,61557153576608E-05	0,0015402878	2,8660379406
17236502	ENSMUSG00000020015	Cdk17	-0,1807655909	9,8485432615	-4,7496127526	1,66485993895175E-05	0,0015826786	2,8377601819
17249079	ENSMUSG00000020374	Rasgef1c	-0,3384354726	7,3156276462	-4,7475769759	1,67654515298349E-05	0,0015891807	2,8311792919
17292634	ENSMUSG00000056749	Nfil3	0,4024211043	6,3689875385	4,7466116051	1,68211438122068E-05	0,0015898647	2,8280589781
17354132	ENSMUSG00000024502	Jakmip2	-0,1709940669	10,3096870923	-4,739704135	0,000017225	0,0016167087	2,8057391655
17528137	ENSMUSG00000032400	Zwilch	-0,3354119051	5,8115352769	-4,7379950494	1,73263344427088E-05	0,0016167087	2,800218519
17418252	ENSMUSG00000028646	Rragc	-0,1846547915	9,1457217538	-4,7376596646	1,73462959344929E-05	0,0016167087	2,7991352537
17363470	ENSMUSG00000058624	Gda	-0,1844789192	10,7426630769	-4,7375697676	1,73516502703031E-05	0,0016167087	2,7988448986
17283463	ENSMUSG00000057963	Itpk1	0,2033666859	8,5649275692	4,7373027733	1,73675622149125E-05	0,0016167087	2,7979825551
17477979	ENSMUSG00000059824	Dbp	-0,3964881989	9,8632090615	-4,7359190841	1,74502547565087E-05	0,0016167087	2,793513776
17417844	ENSMUSG00000028645	Slc2a1	0,2223249336	10,2835172615	4,7354884885	1,74760668175109E-05	0,0016167087	2,7921232177
17495262	ENSMUSG00000055723	Rras2	-0,2580856831	8,0356043538	-4,7350978691	1,74995148742719E-05	0,0016167087	2,7908617984
17310515	ENSMUSG00000025370	Cdh9	-0,2892084444	9,0904938	-4,7325232341	1,76548380774277E-05	0,0016264768	2,782548544
17483007	ENSMUSG00000042978	Sbk1	0,3279067978	7,727004	4,7180768433	1,85517504669069E-05	0,0017043187	2,7359336371
17289527	ENSMUSG00000021624	Cd180	-0,4409017807	5,5316726154	-4,7163365737	1,86627646310507E-05	0,0017097282	2,7303218006
17404388	ENSMUSG00000063887	Nlgn1	-0,1695149054	9,7206213692	-4,7099958843	1,90727796775343E-05	0,0017424233	2,7098815634
17296532	ENSMUSG00000095930	Nim1k	-0,246332634	7,6065384308	-4,7073191365	1,92485068529746E-05	0,0017519003	2,701255724
17491503	NA	NA	-0,4694389476	7,7347741846	-4,7067912457	1,92833494220666E-05	0,0017519003	2,6995548089
17545121	ENSMUSG00000031285	Dcx	-0,2472467666	8,3724572923	-4,7058002885	1,93489228782671E-05	0,0017530017	2,6963620428
17271281	ENSMUSG00000020614	Fam20a	0,3691061214	7,2820338	4,6979579423	1,98756285331946E-05	0,0017957603	2,6711036886
17481899	ENSMUSG00000030771	Micalcl	0,3204322457	6,0470229846	4,6955668133	0,000020039	0,0018024544	2,6634055789
17422612	ENSMUSG00000042202	Slc35e2	0,2330635833	10,2375405846	4,6952661058	2,00596349197785E-05	0,0018024544	2,6624375721
17216727	ENSMUSG00000026342	Slc35f5	-0,2406038728	8,3701104154	-4,6922703437	2,02663790712967E-05	0,0018160558	2,6527951993
17458573	ENSMUSG00000038301	Snx10	-0,185952451	9,8747918154	-4,6893541566	2,04696357714497E-05	0,0018292715	2,6434111856
17380637	ENSMUSG00000000305	Cdh4	0,2960308545	7,6461717077	4,686377666	2,0679154383505E-05	0,0018350755	2,6338353976
17403571	ENSMUSG00000036745	Ttll7	-0,1548301132	10,8491307692	-4,6862298291	2,0689615367635E-05	0,0018350755	2,6333598456
17371495	ENSMUSG00000042155	Klhl23	-0,2463410666	7,9684070923	-4,6860486909	2,07024398283778E-05	0,0018350755	2,6327771799
17295278	ENSMUSG00000021665	Hexb	-0,208476578	9,9089499846	-4,6847275753	2,07962096674806E-05	0,0018383537	2,628527817
17306289	ENSMUSG00000022160	Mettl3	0,2850277386	8,0940674923	4,6839509279	2,08515283902025E-05	0,0018383537	2,6260299458
17291576	ENSMUSG00000021357	Exoc2	-0,1554595916	9,5343122462	-4,6812834713	2,10426246527678E-05	0,0018502278	2,6174520072
17318713	ENSMUSG00000033697	Arhgap39	0,1950913714	9,0361584462	4,6791108838	2,11995350331451E-05	0,0018544681	2,610466828
17226043	ENSMUSG00000057329	Bcl2	0,4675517598	7,8792744154	4,6790501527	2,12039376268476E-05	0,0018544681	2,6102715866
17385365	ENSMUSG00000075334	Rprm	-0,3123853121	8,2981402615	-4,6777648044	2,1297326986361E-05	0,001854564	2,6061396088
17476125	ENSMUSG00000030584	Dpf1	0,2348181029	7,8663809846	4,6774792759	2,13181271968709E-05	0,001854564	2,6052217862
17512181	ENSMUSG00000035824	Tk2	-0,2129418512	8,6511124308	-4,6765347401	2,13870767186508E-05	0,0018556401	2,6021857559
17411966	ENSMUSG00000028222	Calb1	-0,1764969992	10,5078727692	-4,6690877284	2,19383985445692E-05	0,0018888577	2,5782569459
17445596	ENSMUSG00000003974	Grm3	-0,2359888641	10,9040532308	-4,6685842514	2,19761704476168E-05	0,0018888577	2,5766396941
17464248	ENSMUSG00000086013	Gm15706	-0,3289326471	7,0016408	-4,6685771426	2,19767042172788E-05	0,0018888577	2,57661686
17420091	ENSMUSG00000066037	Hnrnpr	-0,1954948338	9,3337488615	-4,6679842124	2,20212698039418E-05	0,0018888577	2,5747123563
17484094	ENSMUSG00000030967	Zranb1	-0,1894835153	9,6088135692	-4,6673577599	2,20684511137216E-05	0,0018888577	2,5727002788
17292139	ENSMUSG00000021371	Mcur1	-0,2114594564	7,9421128615	-4,6665713515	2,21278196470643E-05	0,0018888577	2,5701745917
17527373	ENSMUSG00000034007	Scaper	-0,1757740108	9,6786289385	-4,6659733229	2,21730714268258E-05	0,0018888577	2,5682540281
17261339	ENSMUSG00000020315	Sptbn1	-0,1504583501	11,8200393846	-4,6609541878	2,25564491515957E-05	0,0019165385	2,5521388364
17443286	ENSMUSG00000005514	Por	0,1949514685	7,4147234	4,6600002739	0,00002263	0,001917823	2,5490768088
17462191	ENSMUSG00000042079	Hnrnpf	0,1541826582	8,6495074462	4,6542012993	2,3082511979436E-05	0,0019511267	2,5304675021
17222001	ENSMUSG00000026134	Prim2	0,2199137784	7,7741752	4,651956023	2,32600695526167E-05	0,001961081	2,5232646514
17523898	ENSMUSG00000053070	9230110C19Rik	0,2935692483	7,5152314308	4,6466169687	2,36876715939296E-05	0,0019920117	2,506142339
17542642	ENSMUSG00000019088	Dnase1l1	-0,4328831724	5,1984728462	-4,6447891175	2,38358238559944E-05	0,001999344	2,5002821772
17396106	ENSMUSG00000027550	Lrrcc1	-0,3121190767	7,9418295538	-4,6405079846	2,41863800159269E-05	0,0020235732	2,4865601919
17396315	ENSMUSG00000027630	Tbl1xr1	-0,2048757816	9,9176354769	-4,6335665403	2,47655245071639E-05	0,0020667555	2,4643217461
17252183	ENSMUSG00000060600	Eno3	-0,3105741033	6,8748519231	-4,6283351132	2,52109443485847E-05	0,002088611	2,447570273
17367216	ENSMUSG00000026748	Plxdc2	-0,2038865562	10,0849565077	-4,6276781796	2,52674287635504E-05	0,002088611	2,4454672368
17363488	ENSMUSG00000035171	1110059E24Rik	-0,2063508017	8,7456006462	-4,6275426549	2,52790968329962E-05	0,002088611	2,4450333973
17483061	ENSMUSG00000030714	Ccdc101	0,2286107544	7,3945960154	4,6275072449	2,52821463503122E-05	0,002088611	2,444920044
17463268	ENSMUSG00000038115	Ano2	-0,7052187432	6,2612323077	-4,6190629538	2,6019742077008E-05	0,0021441444	2,4178981797
17351196	ENSMUSG00000071847	Apcdd1	-0,389579675	7,8096835692	-4,6114238482	2,67051174339373E-05	0,0021951071	2,3934695795
17500919	ENSMUSG00000031626	Sorbs2	-0,3021214639	8,5700585385	-4,6047930741	2,7314320258005E-05	0,0022395694	2,3722783463
17509462	ENSMUSG00000031608	Galnt7	0,233002245	7,3878566	4,6036875189	2,74172068856406E-05	0,0022423993	2,3687462809
17545785	ENSMUSG00000031292	Cdkl5	-0,1559491898	10,7393088154	-4,5971649426	0,000028032	0,0022839837	2,3479145496
17501041	ENSMUSG00000031628	Casp3	-0,4058519093	6,9620221385	-4,5968193373	2,80649277521502E-05	0,0022839837	2,346811085
17427494	ENSMUSG00000028556	Dock7	-0,1651099213	8,8181319385	-4,5830404497	2,94098265427358E-05	0,0023875101	2,3028440449
17332974	ENSMUSG00000023809	Rps6ka2	0,2997489885	8,6451290462	4,5814188645	2,95721886586187E-05	0,0023947631	2,2976731835
17508835	ENSMUSG00000039539	Sgcz	-0,3123076074	7,9984433538	-4,5751818205	3,02048843656169E-05	0,0024399744	2,2777914954
17468828	ENSMUSG00000030084	Plxna1	0,2435691242	9,1342940615	4,5708801817	3,0648941256278E-05	0,0024697625	2,2640855678
17230754	ENSMUSG00000039349	C130074G19Rik	-0,3639685333	6,3798184923	-4,5690322188	3,0841659907764E-05	0,0024740245	2,2581991547
17249176	ENSMUSG00000007850	Hnrnph1	0,2482251492	9,6238123385	4,5689266875	3,08527011518014E-05	0,0024740245	2,257863029
17542047	ENSMUSG00000046699	Slitrk4	-0,2524732764	9,4377249385	-4,5668832239	3,10672624184964E-05	0,0024851537	2,2513550495
17261399	ENSMUSG00000020311	Erlec1	-0,1877355108	8,889058	-4,5659717769	3,11634330287273E-05	0,0024867813	2,2484526694
17523921	ENSMUSG00000050730	Arhgap42	-0,2491752554	8,8987694923	-4,5616272344	3,16258581938756E-05	0,0025175565	2,2346212593
17435422	ENSMUSG00000028954	Nub1	-0,1526107419	9,6505922615	-4,5602865461	3,17699080318977E-05	0,0025228999	2,2303540754
17251370	ENSMUSG00000020900	Myh10	-0,1754197368	9,9620593538	-4,5595568865	3,18485753683337E-05	0,002523038	2,2280319049
17341161	NA	NA	-0,21106015	8,4599693538	-4,5552065467	3,23215686823633E-05	0,0025543385	2,2141898847
17522407	ENSMUSG00000044791	Setd2	-0,1717766491	9,1173370923	-4,5534801728	3,25111665720624E-05	0,002563146	2,208698343
17254646	ENSMUSG00000020513	Tubd1	0,3132989215	6,9567590615	4,5510731238	3,2777334567288E-05	0,0025742721	2,2010429993
17405482	ENSMUSG00000036353	P2ry12	-0,2892166344	8,8361691231	-4,550479214	3,28433351110953E-05	0,0025742721	2,199154389
17286587	ENSMUSG00000021423	Ly86	-0,3082420197	8,5328397692	-4,5499805784	3,28988482171771E-05	0,0025742721	2,1975688241
17232417	ENSMUSG00000004360	9330159F19Rik	0,174651478	9,9749165231	4,5493762135	3,29662551049204E-05	0,0025742721	2,1956471546
17515106	ENSMUSG00000032177	Pde4a	0,2281991735	8,9210249846	4,5440111059	3,35705913657629E-05	0,0026152368	2,178592519
17468432	ENSMUSG00000079494	Cml5	0,5081155258	5,1389914923	4,5406541393	3,39542185838721E-05	0,0026380975	2,1679255275
17423674	ENSMUSG00000040359	Ufl1	-0,1796124013	9,2970325385	-4,5400395213	3,40249182997304E-05	0,0026380975	2,1659728839
17548593	ENSMUSG00000078453	Abracl	0,3053461834	6,6868258769	4,5391775669	3,41243115883874E-05	0,0026395638	2,1632346323
17339967	ENSMUSG00000024245	Tmem178	0,1684233918	10,8671101538	4,5332250594	3,48184906916316E-05	0,0026836054	2,1443305211
17257937	ENSMUSG00000041695	Kcnj2	-0,3876482659	7,3725759538	-4,5320656936	3,49552917615135E-05	0,0026836054	2,1406497571
17224730	ENSMUSG00000050711	Scg2	0,2533100436	9,9915756615	4,5318413758	3,49818210331996E-05	0,0026836054	2,1399376354
17418767	ENSMUSG00000028804	Csmd2	0,2556492424	8,5213233538	4,5307651918	3,51093713166114E-05	0,0026836054	2,1365213704
17517831	ENSMUSG00000032323	Cyp11a1	0,3152203531	6,2231276923	4,5306735086	3,51202586656167E-05	0,0026836054	2,1362303444
17281748	ENSMUSG00000021071	Trim9	0,2001340839	10,4038524615	4,5301319991	3,51846300663332E-05	0,0026836054	2,1345115028
17279070	ENSMUSG00000021277	Traf3	0,2579365506	8,1445539385	4,5214851821	3,62282626426622E-05	0,0027567943	2,107076449
17293237	ENSMUSG00000021556	Golm1	0,2411686851	7,8734612462	4,5189736873	0,000036537	0,0027738529	2,0991118785
17368855	ENSMUSG00000039844	Rapgef1	0,2019469726	9,4761450154	4,5100053798	3,76606555388018E-05	0,0028525555	2,0706860088
17450718	ENSMUSG00000029270	Fam69a	-0,213062167	8,7606897692	-4,5090691462	3,77798837566875E-05	0,0028549927	2,0677198715
17369256	ENSMUSG00000047363	Cstad	-0,4429949216	6,8964286	-4,5048447387	3,83224568392143E-05	0,0028859501	2,0543394366
17518694	ENSMUSG00000038664	Herc1	-0,1568002923	10,5306089077	-4,5042524992	3,83991283052399E-05	0,0028859501	2,0524639847
17364484	ENSMUSG00000025006	Sorbs1	0,2008072774	9,4359424	4,503833036	3,84535227050509E-05	0,0028859501	2,0511357273
17420447	ENSMUSG00000045349	Sh2d5	0,2413663973	8,0490375077	4,5029185242	3,85723741032403E-05	0,0028882606	2,0482400438
17264282	ENSMUSG00000053930	Shisa6	0,3834936219	8,0596430308	4,5004445897	3,88956911348467E-05	0,002905836	2,0404078686
17470515	ENSMUSG00000040797	Iqsec3	0,2634293254	9,1016080154	4,4985198628	3,91490613739986E-05	0,0029181176	2,0343156507
17204777	NA	NA	-0,4937680159	7,6609148	-4,4977657368	3,92487730036692E-05	0,0029189161	2,031928957
17316495	ENSMUSG00000048307	Ankrd46	-0,159985257	9,7279976308	-4,4950122259	0,000039615	0,0029394835	2,0232159254
17338006	ENSMUSG00000067150	Xpo5	-0,1880643155	8,6421314	-4,492468	3,99562706397309E-05	0,0029581169	2,0151671107
17315810	ENSMUSG00000022141	Nipbl	0,1751004498	8,9817101692	4,4917066013	0,000040059	0,0029590407	2,0127587472
17498962	ENSMUSG00000031503	Col4a2	0,2874633089	6,7103920462	4,4907109944	4,0193651700063E-05	0,0029623173	2,0096098211
17245785	ENSMUSG00000025417	Pip4k2c	0,1741894427	9,1710720308	4,4865048163	4,07675365091507E-05	0,0029978764	1,9963096408
17234175	ENSMUSG00000060733	Ipmk	0,1989970661	8,4962262923	4,4834552878	4,11886038468061E-05	0,0030220641	1,9866701019
17262702	ENSMUSG00000020380	Rad50	-0,264785098	7,6560142923	-4,4823369033	4,134408763287E-05	0,003026701	1,9831355817
17467938	ENSMUSG00000063063	Ctnna2	-0,1613682723	9,5936397538	-4,4804630331	4,16058882046056E-05	0,0030370309	1,9772142645
17550384	NA	Dlx1as	0,2621511716	8,0870506769	4,4800030909	4,1670394187677E-05	0,0030370309	1,9757610328
17472023	ENSMUSG00000032718	Mansc1	-0,3298523746	8,2102262923	-4,4745058518	0,000042449	0,0030860919	1,9583968089
17295054	NA	Gm9776	-0,350169133	6,6785703077	-4,4739272097	4,25317415191522E-05	0,0030860919	1,9565695616
17528836	ENSMUSG00000042688	Mapk6	0,2334236908	9,5401802154	4,4726205767	4,27192340271407E-05	0,0030928537	1,9524438145
17235511	ENSMUSG00000015312	Gadd45b	0,3581723925	7,5856722154	4,4706931735	4,29972760010543E-05	0,003106127	1,9463588829
17254202	NA	NA	0,366161457	6,2291951385	4,4618142191	4,4301103720853E-05	0,003193282	1,9183417104
17286670	ENSMUSG00000021431	Snrnp48	0,2430812562	7,8764692308	4,4606389726	4,44765479120174E-05	0,0031988977	1,9146350263
17404296	ENSMUSG00000049796	Crh	0,429828523	6,332741	4,4596016037	0,000044632	0,0032030521	1,9113635449
17468612	ENSMUSG00000030047	Arhgap25	0,3251450835	7,6952866308	4,4577139317	4,49161551781561E-05	0,0032144152	1,9054113432
17391443	NA	NA	-0,6123674337	8,7377408	-4,4572496068	4,49863278256053E-05	0,0032144152	1,9039473982
17504130	ENSMUSG00000031778	Cx3cl1	0,2153567331	10,6668547692	4,4514717503	4,58685229150087E-05	0,003270326	1,8857360987
17232055	ENSMUSG00000019970	Sgk1	0,3674256546	8,4285606154	4,4451802588	4,68483392560058E-05	0,0033329392	1,8659172462
17414173	ENSMUSG00000015247	Nipsnap3b	-0,2910920548	6,7238037846	-4,440252871	4,76299433739915E-05	0,0033812105	1,8504037739
17418043	ENSMUSG00000032890	Rims3	0,2694505904	8,5759366615	4,4376261396	4,80517899442277E-05	0,0033989749	1,8421367187
17412653	ENSMUSG00000028292	Rars2	-0,2221706595	7,6332476154	-4,437405081	4,80874571927323E-05	0,0033989749	1,8414410808
17243509	ENSMUSG00000020248	Nfyb	-0,2161151529	7,9192732462	-4,4333214386	0,000048751	0,0034384661	1,8285931348
17503937	ENSMUSG00000031762	Mt2	0,3204263255	11,2526741538	4,4286113687	4,95274360000374E-05	0,0034857324	1,8137805966
17394405	ENSMUSG00000017670	Elmo2	0,2126125857	9,9162694923	4,4245255678	5,02107157582289E-05	0,0035201311	1,8009367565
17544618	ENSMUSG00000031409	Tceal6	-0,386192582	8,2354151692	-4,4233551353	5,04081383615316E-05	0,0035201311	1,797258402
17418680	ENSMUSG00000028820	Sfpq	0,2449916372	8,6935801385	4,4231799198	5,04377578867807E-05	0,0035201311	1,7967077826
17480740	ENSMUSG00000033685	Ucp2	0,3971891486	6,1316404462	4,4231340346	5,04455174178357E-05	0,0035201311	1,7965635886
17337770	ENSMUSG00000056492	Adgrf5	-0,2150400271	8,4794077077	-4,417988775	0,000051323	0,0035737618	1,7803987209
17462180	ENSMUSG00000042097	Zfp239	-0,2603418042	8,1062851077	-4,4156267692	5,17308499310621E-05	0,0035945269	1,772980712
17525617	ENSMUSG00000032128	Robo3	0,382473588	6,7941264	4,4083106753	5,30141465026377E-05	0,003675909	1,7500149582
17346679	ENSMUSG00000024083	Pja2	-0,1331262958	11,7990296923	-4,4044442136	5,37048331287994E-05	0,0037159439	1,7378844892
17287555	ENSMUSG00000025876	Unc5a	0,2405590488	8,8946812308	4,4019973101	5,41464602632018E-05	0,0037386136	1,7302100578
17397962	ENSMUSG00000036894	Rap2b	-0,2375062749	8,0849154923	-4,4006787208	5,43859103161832E-05	0,0037472578	1,7260752194
17443323	ENSMUSG00000039860	Srrm3	0,2571304614	8,2791443846	4,399022002	5,46882266343181E-05	0,0037601882	1,7208808333
17451614	ENSMUSG00000092486	2610524H06Rik	-0,3136908048	8,1046564923	-4,3971721597	5,50277194847196E-05	0,0037699712	1,7150819402
17525894	ENSMUSG00000049313	Sorl1	0,2311997607	10,5382956923	4,3964479134	5,51611957727311E-05	0,0037699712	1,712811858
17465341	ENSMUSG00000029701	Rbm28	0,2148963639	8,4201831846	4,3963711777	5,51753563945632E-05	0,0037699712	1,7125713466
17355512	ENSMUSG00000025427	Rnf165	0,2837281416	9,3562767385	4,3927587519	0,000055846	0,0038078619	1,701251046
17207331	NA	NA	0,7478658232	6,0067310923	4,3773884401	5,87894261645547E-05	0,0040002423	1,6531302365
17307125	ENSMUSG00000040055	Gjb6	0,3625854446	7,3608089692	4,3767622407	5,89124939034807E-05	0,0040003169	1,6511713159
17345170	ENSMUSG00000023935	Spats1	-0,437740537	6,2734309538	-4,3756527572	5,91311586615771E-05	0,004006869	1,6477008532
17340609	ENSMUSG00000052397	Ezr	0,3283411988	8,8427361077	4,3677440761	6,07129259425372E-05	0,0041055708	1,6229736848
17482503	ENSMUSG00000046096	BC030336	-0,2004611347	9,4615983385	-4,3640710832	6,14614829196066E-05	0,0041476384	1,6114964382
17288716	ENSMUSG00000021591	Glrx	-0,3121286739	8,8613063077	-4,3573372376	6,28572583993786E-05	0,0042331201	1,5904657836
17435505	ENSMUSG00000056367	Actr3b	-0,1984245713	8,9476124154	-4,3533046946	6,37078424303514E-05	0,0042816109	1,5778784995
17476280	ENSMUSG00000066647	Gm5113	-0,2393096195	7,5240247077	-4,3503324806	6,43419362425115E-05	0,0043153834	1,5686042516
17453882	ENSMUSG00000037364	Srrt	0,1821489922	9,1131470615	4,3487118636	6,46902643176794E-05	0,004329891	1,5635485948
17481640	ENSMUSG00000031029	Eif3f	-0,1931302547	9,1486192308	-4,3470772929	6,50434513155235E-05	0,0043428653	1,5584502535
17300027	NA	NA	-0,5175038245	6,6100574923	-4,346590768	6,51489384374955E-05	0,0043428653	1,5569329121
17457310	ENSMUSG00000045613	Chrm2	0,2734543244	8,1004184154	4,3431583587	6,58978925110989E-05	0,0043838807	1,546230283
17237426	ENSMUSG00000020151	Ptprr	-0,2077096821	7,8213758923	-4,3369320523	6,72779286684083E-05	0,004466628	1,526825563
17211313	ENSMUSG00000025776	Crispld1	0,2926515136	6,8016480769	4,3336710012	6,80119138169081E-05	0,0045062358	1,5166672127
17535473	ENSMUSG00000046287	Pnma3	-0,3566045735	6,9600510615	-4,331660402	6,84683303680177E-05	0,0045273303	1,5104057849
17313418	ENSMUSG00000042109	Csdc2	0,355614003	8,5093072	4,3309775122	0,000068624	0,0045284954	1,5082794176
17437529	ENSMUSG00000039156	Stim2	0,1892846591	9,8897882308	4,3173206206	7,18111074633991E-05	0,004729295	1,4657863793
17460581	NA	NA	-0,3987869513	9,4161727077	-4,3103784791	7,34859446448041E-05	0,0048298968	1,4442091836
17445467	NA	NA	-0,1312606985	9,9177173385	-4,3088036763	7,38711322258652E-05	0,004845503	1,4393166393
17523427	ENSMUSG00000097736	9530059O14Rik	0,29603065	9,3043082308	4,3055370999	7,46763916410949E-05	0,0048862872	1,4291707181
17442507	ENSMUSG00000049327	Setd8	0,2633865041	10,1812094923	4,3050754952	7,47908704959934E-05	0,0048862872	1,4277372632
17504761	ENSMUSG00000014786	Slc9a5	0,2427409481	7,4378512	4,3037322595	0,000075125	0,0048982536	1,4235664088
17233457	ENSMUSG00000003226	Ranbp2	0,1645070257	10,23192	4,3027567114	7,53685214431905E-05	0,0048982536	1,420537622
17317266	ENSMUSG00000022358	Fbxo32	-0,2891155282	8,1583815846	-4,3025425794	7,54220839936263E-05	0,0048982536	1,4198728473
17543290	ENSMUSG00000025656	Arhgef9	-0,1195125893	11,8729541538	-4,293503475	7,77171951555606E-05	0,0050233629	1,3918245199
17539560	ENSMUSG00000031382	Asb11	-0,3006181518	6,7353311846	-4,2933729741	7,7750822992761E-05	0,0050233629	1,3914197715
17463501	ENSMUSG00000030157	Clec2d	-0,4181285673	7,1978396923	-4,293151287	0,000077808	0,0050233629	1,3907322218
17519215	ENSMUSG00000036030	Prtg	-0,3086687928	6,0252288308	-4,2906207588	7,84633272354275E-05	0,0050557205	1,3828850772
17290835	ENSMUSG00000009734	Pou6f2	-0,3273233642	6,6793750923	-4,2820981908	8,07101971488057E-05	0,0051902987	1,3564721397
17325514	ENSMUSG00000022816	Fstl1	-0,2081348287	7,4447166154	-4,2791364727	8,15055718339554E-05	0,0052311903	1,3472988531
17455507	ENSMUSG00000029657	Hsph1	0,2114359442	10,7832869231	4,2775025043	8,19476340567739E-05	0,0052492901	1,3422392255
17311643	ENSMUSG00000071757	Zhx2	0,2134018311	7,9810814923	4,2737809918	8,2963190820634E-05	0,0052733686	1,3307187542
17548738	NA	NA	0,3839514158	8,5445439077	4,2737682805	8,29666804590827E-05	0,0052733686	1,3306794124
17548740	NA	NA	0,3839514158	8,5445439077	4,2737682805	8,29666804590827E-05	0,0052733686	1,3306794124
17548742	NA	NA	0,3839514158	8,5445439077	4,2737682805	8,29666804590827E-05	0,0052733686	1,3306794124
17280041	ENSMUSG00000020607	Fam84a	0,226786127	8,6957310923	4,270815721	8,37811280701154E-05	0,0053082237	1,3215426181
17433602	ENSMUSG00000029030	Tprgl	-0,1655377558	8,9362611231	-4,2706078406	8,38387627590653E-05	0,0053082237	1,3208994341
17539303	ENSMUSG00000031295	Phka2	-0,1760018453	8,5929106308	-4,2662105232	0,000085067	0,0053756107	1,3072974514
17413747	ENSMUSG00000035517	Tdrd7	-0,2158168379	7,8671182769	-4,2645842576	8,5525638935414E-05	0,0053942007	1,3022686398
17422092	ENSMUSG00000024793	Tnfrsf25	0,5822973887	5,6494395231	4,2575093479	8,75490925844306E-05	0,0055045748	1,2804015363
17486964	ENSMUSG00000097842	9330104G04Rik	-0,3395177257	6,4693153385	-4,2569899858	8,76994520309534E-05	0,0055045748	1,2787969517
17491788	ENSMUSG00000052040	Klf13	0,2371220014	7,8457319846	4,2567150639	8,77791456382501E-05	0,0055045748	1,2779476091
17526102	ENSMUSG00000032014	Oaf	0,2479421584	6,9264950615	4,2555526412	8,81168843604305E-05	0,0055152089	1,2743567032
17272530	ENSMUSG00000034120	Srsf2	0,1551016234	10,936102	4,2529761857	0,00008887	0,0055517496	1,2663992391
17338434	ENSMUSG00000040771	Oard1	-0,2683134148	7,5078624615	-4,2513309269	8,93541478268365E-05	0,005557342	1,2613189679
17227278	ENSMUSG00000041926	Rnpep	0,2529721964	7,5378177077	4,2513072101	8,93611460080998E-05	0,005557342	1,2612457412
17306625	ENSMUSG00000040721	Zfhx2	0,2952559273	7,8233081231	4,2506916721	0,000089543	0,005557342	1,2593453057
17476866	ENSMUSG00000021217	Tshz3	-0,229533409	9,7290453538	-4,2503728245	8,96372820113512E-05	0,005557342	1,2583609334
17501220	NA	NA	-0,2673226721	7,6588801846	-4,2468872797	9,0674689220155E-05	0,0055905341	1,2476022989
17501222	NA	NA	-0,2673226721	7,6588801846	-4,2468872797	9,0674689220155E-05	0,0055905341	1,2476022989
17256691	ENSMUSG00000078651	Aoc2	0,3621718876	5,7288602615	4,2468560736	0,000090684	0,0055905341	1,2475059952
17539434	ENSMUSG00000031360	Ctps2	-0,2019876761	7,6767332923	-4,2421027499	9,21177346585745E-05	0,0056632411	1,2328408072
17431768	ENSMUSG00000078235	Fam43b	0,3321647339	6,6707895077	4,241803392	9,22087609810594E-05	0,0056632411	1,231917468
17253476	NA	NA	0,7423389029	5,2089126	4,2380954424	9,33435155473094E-05	0,0057115434	1,2204831754
17549974	NA	NA	0,7423389029	5,2089126	4,2380954424	9,33435155473094E-05	0,0057115434	1,2204831754
17276153	ENSMUSG00000034574	Daam1	-0,1986592146	8,6075740154	-4,2368825466	9,37176379942436E-05	0,0057218094	1,2167439465
17295861	ENSMUSG00000032621	Srek1	0,1975189453	9,1508328154	4,2364054912	9,38651864571351E-05	0,0057218094	1,2152733714
17394175	ENSMUSG00000017009	Sdc4	0,264600143	8,9336511077	4,2358583939	9,40346760220063E-05	0,0057218094	1,2135869792
17271118	ENSMUSG00000040430	Pitpnc1	0,1873211305	10,1330659385	4,2345663723	9,44361226262826E-05	0,0057355954	1,2096048074
17238449	ENSMUSG00000014498	Ankrd52	0,2598623461	8,4137983231	4,2285734439	9,632007399934E-05	0,0058392042	1,1911412409
17495373	ENSMUSG00000045659	Plekha7	-0,2538225651	6,9417441846	-4,2278223973	9,65587339145509E-05	0,0058428723	1,1888282056
17444346	ENSMUSG00000039206	Daglb	-0,2104218232	8,4070735077	-4,2270735829	9,67972563698032E-05	0,0058465186	1,1865222352
17427860	ENSMUSG00000034853	Acot11	0,2595940384	6,6732394308	4,2245349557	9,76101609524867E-05	0,0058847802	1,1787059624
17515577	ENSMUSG00000035024	Ncapd3	-0,1797444823	8,4233021385	-4,2216739993	9,85342282423304E-05	0,005929365	1,169899884
17280401	ENSMUSG00000020628	Trappc12	-0,2057179312	8,3184544308	-4,2211288666	9,87112631836684E-05	0,005929365	1,168222271
17453513	ENSMUSG00000005378	Wbscr22	0,2041068846	8,2118278615	4,219385073	9,92796472638327E-05	0,0059526044	1,1628565314
17480327	ENSMUSG00000035704	Alg8	0,3353840621	7,7164142769	4,2187875431	9,94751404803645E-05	0,0059534419	1,1610181408
17211795	ENSMUSG00000037447	Arid5a	0,3244357006	5,4710651538	4,2155671036	0,0001005352	0,0060059266	1,1511120705
17238002	ENSMUSG00000025404	R3hdm2	0,1945990515	10,9882735385	4,2141325215	0,000101011	0,0060233762	1,1467004368
17315394	NA	NA	-0,2867877431	10,6138793846	-4,212621254	0,0001015145	0,0060419648	1,1420537405
17310432	ENSMUSG00000039458	Mtmr12	0,1840360888	9,3301940615	4,2118314506	0,0001017786	0,0060419648	1,1396256419
17531958	ENSMUSG00000032437	Stt3b	0,1434831676	10,1555808923	4,2115427215	0,0001018754	0,0060419648	1,138738053
17222465	ENSMUSG00000037138	Aff3	0,1933395414	8,5371142923	4,2097323459	0,0001024839	0,0060670828	1,133173386
17403790	ENSMUSG00000078161	Erich3	-0,2255258124	7,7717172462	-4,203959544	0,0001044479	0,0061639311	1,1154366607
17499038	ENSMUSG00000031511	Arhgef7	0,1716931938	8,6604314	4,2038204096	0,0001044957	0,0061639311	1,1150093165
17417952	ENSMUSG00000028634	Hivep3	0,2173783935	7,8384148923	4,2018995677	0,0001051576	0,0061918369	1,1091102286
17249036	ENSMUSG00000020363	Gfpt2	-0,3729098216	7,5131018154	-4,199767878	0,0001058969	0,0062241931	1,1025650934
17277801	ENSMUSG00000021007	Spata7	-0,2131096695	8,1278296769	-4,1992190927	0,000106088	0,006224273	1,1008803574
17311492	ENSMUSG00000038622	Med30	-0,2619427913	7,7559664923	-4,1965277101	0,0001070303	0,006257536	1,0926194872
17222193	ENSMUSG00000067653	Ankrd23	0,3792653008	6,1741724769	4,1965098569	0,0001070365	0,006257536	1,0925646973
17503043	ENSMUSG00000079003	Samd1	-0,1732726271	7,1142085846	-4,1952760943	0,0001074712	0,0062717684	1,0887786566
17292915	ENSMUSG00000035711	Dok3	0,3616311953	6,2582151538	4,1939492795	0,0001079406	0,0062879715	1,0847076534
17200933	NA	NA	-0,8015166255	5,6041467077	-4,1890228473	0,0001097009	0,0063791825	1,0695974394
17295770	ENSMUSG00000021629	Slc30a5	-0,1597603235	9,5227898462	-4,1819245464	0,0001122862	0,0065179661	1,0478405199
17491515	NA	NA	-0,5530960348	7,6543047846	-4,1802114439	0,000112919	0,0065431153	1,0425923311
17438314	ENSMUSG00000029234	Tmem165	-0,1719069256	8,5555713231	-4,1791080036	0,0001133284	0,0065552562	1,0392124184
17431642	ENSMUSG00000060862	Zbtb40	0,3261083545	6,6346291231	4,1775765776	0,0001138989	0,006576661	1,0345222591
17509629	ENSMUSG00000031604	Msmo1	-0,2155992102	8,8549015538	-4,1735378384	0,0001154171	0,0066504412	1,0221571007
17246790	ENSMUSG00000020424	Gatsl3	0,3111970436	5,3628580769	4,1731015342	0,0001155823	0,0066504412	1,0208216359
17226364	ENSMUSG00000050534	Htr5b	0,5766476682	5,8456691077	4,1720585416	0,000115978	0,0066615273	1,0176294537
17377268	ENSMUSG00000074749	Kiz	-0,2703606183	7,7185137077	-4,169223606	0,0001170605	0,0067119451	1,0089547747
17252878	ENSMUSG00000065590	Mir212	0,8508578026	6,1035713692	4,1681604401	0,0001174689	0,0067236105	1,0057022958
17354795	ENSMUSG00000024579	Pcyox1l	0,252453948	7,9524815538	4,1645079888	0,0001188827	0,0067926781	0,9945315916
17303024	NA	Gm10021	-0,2693774519	8,6019274154	-4,1633059628	0,0001193516	0,0068076091	0,990856323
17240001	NA	Gm9996	-0,3262185171	6,1800863846	-4,1581318009	0,0001213905	0,006911883	0,9750417994
17235227	ENSMUSG00000045193	Cirbp	-0,3751697043	7,2039563538	-4,1562162222	0,0001221539	0,0069432946	0,9691893343
17255775	ENSMUSG00000038485	Socs7	0,1970480037	8,2871696154	4,1548311948	0,0001227087	0,006962765	0,9649586118
17329769	NA	Gm15743	-0,3569947941	6,9928153385	-4,1522635039	0,0001237438	0,0070093715	0,9571171004
17510640	ENSMUSG00000037148	Arhgap10	-0,1852723381	9,0032567692	-4,1509310018	0,0001242843	0,0070278494	0,9530486688
17350140	ENSMUSG00000024498	Tcerg1	-0,1518348747	9,5133597077	-4,1497121602	0,0001247807	0,0070437743	0,9493278179
17265748	ENSMUSG00000020774	Aspa	-0,330370467	8,6143377538	-4,1470830351	0,000125858	0,0070923805	0,9413034758
17394582	ENSMUSG00000039621	Prex1	0,1970037986	8,6546077385	4,1446182084	0,0001268762	0,0071374934	0,9337828111
17206121	NA	NA	-0,5941571705	6,8093645231	-4,140808568	0,0001284656	0,0072145327	0,9221630969
17267632	ENSMUSG00000000276	Dgke	-0,131215925	9,5002192154	-4,1396496892	0,0001289529	0,0072295207	0,918629444
17282828	ENSMUSG00000072919	Noxred1	0,4823095384	6,0647612308	4,1376001457	0,0001298192	0,0072656649	0,9123811459
17232316	ENSMUSG00000051354	Samd3	-0,4554331962	5,3119838154	-4,1346340184	0,0001310828	0,007323889	0,9033411709
17531176	ENSMUSG00000039461	Tcta	-0,2487696956	7,8317706154	-4,1318812974	0,0001322662	0,0073774389	0,8949544069
17340050	ENSMUSG00000040852	Plekhh2	0,2781298909	7,5301790615	4,1310397935	0,00013263	0,0073851719	0,8923911215
17239371	ENSMUSG00000019814	Ltv1	0,2227776328	7,7081222308	4,124715914	0,0001353953	0,0075155782	0,8731361967
17504005	ENSMUSG00000031770	Herpud1	0,1611419818	9,5393827538	4,124578641	0,000135456	0,0075155782	0,8727183871
17369789	ENSMUSG00000039205	Ciz1	0,2324690666	7,9407906462	4,1241184697	0,0001356594	0,0075155782	0,8713178406
17496354	ENSMUSG00000030711	Sult1a1	0,3847463147	6,7031239385	4,1222138653	0,0001365048	0,0075427673	0,8655219206
17310565	ENSMUSG00000040420	Cdh18	-0,1690724376	9,4217813077	-4,1219771786	0,0001366102	0,0075427673	0,864801748
17375526	ENSMUSG00000005804	Bloc1s6	-0,2260217958	7,4967146154	-4,1200838404	0,0001374562	0,0075669237	0,8590415631
17480788	ENSMUSG00000030691	Fchsd2	-0,1705274732	8,6948796615	-4,1199657807	0,0001375091	0,0075669237	0,8586824274
17299419	ENSMUSG00000036339	Tmem260	0,1590225927	8,3612825385	4,1187515243	0,0001380546	0,0075842142	0,8549889713
17253461	ENSMUSG00000019437	Tlcd1	-0,2042290339	8,4029565231	-4,1172118887	0,0001387492	0,0076096285	0,8503065567
17456281	NA	NA	-0,255319629	7,5911220615	-4,1117398264	0,0001412456	0,0077336065	0,833671559
17260137	ENSMUSG00000020393	Kremen1	0,239513951	7,0772139385	4,1066817945	0,0001435917	0,0078489606	0,8183048103
17465238	ENSMUSG00000039904	Gpr37	-0,2277366098	8,5820438462	-4,1037299466	0,0001449783	0,0079115681	0,8093411077
17254166	ENSMUSG00000072620	Slfn2	0,3260542124	5,9275780923	4,100105406	0,0001466986	0,0079921499	0,798338995
17409826	ENSMUSG00000028007	Snx7	-0,1792854234	8,5870600308	-4,0930120284	0,0001501228	0,0081651353	0,7768211973
17290447	ENSMUSG00000046159	Chrm3	-0,253158274	9,0056052	-4,0880055718	0,000152586	0,008285369	0,7616451086
17280689	ENSMUSG00000004698	Hdac9	-0,1717707932	8,4500354	-4,0871388334	0,0001530164	0,0082950061	0,7590186902
17276921	NA	Mir3067	0,34534569	5,2090849231	4,0863361389	0,000153416	0,0082951744	0,756586584
17323198	ENSMUSG00000068617	Efcab1	-0,2863033584	6,8200662308	-4,0861169412	0,0001535253	0,0082951744	0,7559224718
17291019	NA	NA	0,7988272953	4,3840527846	4,0849365142	0,0001541153	0,0083037812	0,7523463858
17318923	ENSMUSG00000019146	Cacng2	0,1969743943	9,8289587692	4,084785339	0,000154191	0,0083037812	0,7518884397
17453675	NA	NA	0,3456836329	5,5671842769	4,083586957	0,0001547925	0,0083111438	0,7482585469
17326640	ENSMUSG00000032940	Rbm11	-0,4325079745	6,4303064	-4,0835032859	0,0001548346	0,0083111438	0,748005127
17364367	ENSMUSG00000024999	Noc3l	0,1508170693	8,2968194923	4,0824924189	0,0001553438	0,008324854	0,7449436555
17448821	ENSMUSG00000029153	Ociad2	0,2595599506	9,8961325385	4,0815105134	0,00015584	0,008337822	0,7419702536
17381397	NA	Gm13199	0,3795473425	4,9076120154	4,073473739	0,0001599595	0,0085424584	0,7176466172
17221045	ENSMUSG00000051951	Xkr4	-0,1821449273	9,8556324	-4,0730382302	0,0001601857	0,0085424584	0,7163292088
17465296	NA	NA	0,3341148734	5,9063954769	4,0721314603	0,0001606578	0,0085537213	0,7135864659
17463377	ENSMUSG00000061414	Cracr2a	-0,3540181041	5,7879406	-4,0699283878	0,0001618101	0,0086011141	0,7069240061
17279026	ENSMUSG00000021275	Tecpr2	-0,1864356399	8,3811364923	-4,0687311993	0,0001624397	0,0086161226	0,7033042573
17235365	NA	Gm26710	-0,3492267022	4,3260646923	-4,0683931774	0,0001626179	0,0086161226	0,7022823297
17528053	ENSMUSG00000058444	Map2k5	-0,1704984209	8,9459422154	-4,0609659097	0,0001665813	0,0088118835	0,6798384253
17531217	ENSMUSG00000066357	Wdr6	-0,2921347238	8,1808609692	-4,0580467679	0,0001681645	0,0088813075	0,671022873
17522319	ENSMUSG00000032482	Cspg5	-0,1502916516	10,4652210769	-4,0572561106	0,0001685958	0,0088831055	0,6686357005
17212087	ENSMUSG00000026077	Npas2	0,1665671836	9,5194537077	4,0569917844	0,0001687403	0,0088831055	0,6678376918
17390249	ENSMUSG00000027286	Lrrc57	0,2384966275	8,3177544	4,0499781913	0,0001726167	0,0090726094	0,6466729207
17288908	ENSMUSG00000021537	Cetn3	-0,2123408501	8,5862159692	-4,0468358198	0,0001743812	0,0091506908	0,6371961865
17468157	ENSMUSG00000034832	Tet3	0,2836316402	8,341014	4,0437990399	0,0001761031	0,0092262846	0,6280413909
17241676	ENSMUSG00000019945	1700040L02Rik	-0,2676798979	7,3501154769	-4,0419975538	0,0001771323	0,0092654058	0,6226121867
17483802	ENSMUSG00000042055	Wdr11	-0,172356088	8,5308791538	-4,0414690836	0,0001774354	0,0092664774	0,6210197471
17546246	ENSMUSG00000061654	Spry3	0,331294813	8,0394233077	4,0372642168	0,0001798644	0,0093783979	0,6083529381
17509721	ENSMUSG00000073838	Tufm	0,1936185418	8,4777080615	4,03603689	0,0001805794	0,0094007351	0,6046569664
17301926	ENSMUSG00000034997	Htr2a	0,2624948046	9,4725540154	4,0354988097	0,0001808938	0,0094021756	0,6030367697
17480243	ENSMUSG00000048078	Tenm4	0,1882115852	9,2149784923	4,0347475372	0,0001813335	0,0094101207	0,6007748178
17437302	ENSMUSG00000031558	Slit2	-0,2222000734	8,6431701077	-4,0309535374	0,0001835703	0,0095091176	0,5893549746
17470187	ENSMUSG00000072623	Zfp9	-0,2079972741	9,0247177538	-4,030530974	0,0001838211	0,0095091176	0,588083404
17515062	ENSMUSG00000003299	Mrpl4	0,2627934128	7,6444847538	4,0255840973	0,0001867816	0,0096319416	0,57320234
17378721	ENSMUSG00000027646	Src	0,1603726005	8,6811648769	4,0255821174	0,0001867828	0,0096319416	0,5731963859
17497113	ENSMUSG00000030956	Fam53b	0,2860370409	7,0457097692	4,0248139681	0,0001872466	0,0096407015	0,5708864863
17292541	NA	9430083A17Rik	-0,3558391599	6,7085770923	-4,0222132668	0,0001888252	0,009706742	0,5630675757
17399754	ENSMUSG00000001016	Ilf2	-0,1452831328	9,6001228923	-4,0214146265	0,0001893126	0,0097165653	0,5606670059
17309172	ENSMUSG00000033004	Mycbp2	-0,1106326719	10,6227258923	-4,0171892164	0,0001919114	0,0098345589	0,5479701873
17294785	ENSMUSG00000021619	Atg10	-0,2549771113	7,7804069846	-4,0133320103	0,0001943138	0,0099421371	0,5363856705
